Link,Name,Brand,Price,Sale,Stars,Coupon,5 stars,4 stars,3 stars,2 stars,1 star,Reviews
https://tiki.vn/bo-noi-inox-3-day-sunhouse-sh335-16cm-20cm-24cm-dung-tren-moi-loai-bep-hang-chinh-hang-p25421013.html?spid=25421014,"BÃ´Ì£ Ná»“i Inox 3 ÄÃ¡y Sunhouse SH335(16cm, 20cm, 24cm ) - DÃ¹ng trÃªn má»i loáº¡i báº¿p - HÃ ng chÃ­nh hÃ£ng",Sunhouse,445.000â‚«,ÄÃ£ bÃ¡n 5000+,4.6,"['Giáº£m 20K Cho Ä‘Æ¡n hÃ ng tá»« 299K', 'Giáº£m 40K Cho Ä‘Æ¡n hÃ ng tá»« 499K', 'Giáº£m 50K Cho Ä‘Æ¡n hÃ ng tá»« 600K', 'Giáº£m 100K Cho Ä‘Æ¡n hÃ ng tá»« 999K', 'Giáº£m 300K Cho Ä‘Æ¡n hÃ ng tá»« 2.3 triá»‡u']",110,20,8,3,2,"['Trong lÃºc rá»­a ná»“i láº§n Ä‘áº§u Ä‘á»ƒ sá»­ dá»¥ng thÃ¬ bá»‹ Ä‘á»©t tay nÃªn phÃ¡t hiá»‡n tay cáº§m trÃªn náº¯p cá»§a ná»“i lá»›n chÆ°a Ä‘Æ°á»£c mÃ i ká»¹, cÃ³ má»™t Ä‘oáº¡n rÄƒng cÆ°a ráº¥t bÃ©n gÃ¢y Ä‘á»©t tay cháº£y mÃ¡u khi sá»­ dá»¥ng. Cáº§n tiki há»— trá»£ Ä‘á»•i láº¡i náº¯p ná»“i size 24cm giÃºp tÃ´i ', 'Chat lÆ°á»£ng inox kem ráº¥t má»ng.noi chung that vá»ng ve chat lÆ°á»£ng', 'hÃ ng *** giá» Ä‘á»•i tráº£ ntn Ä‘Ã¢y m1 mang bá»±c vÃ o ng', 'Äáº¿ ná»“i KhÃ¡ má»ng. KhÃ´ng giá»‘ng nhÆ° hÃ¬nh.', 'Ná»’I Náº¤U Láº¦N Äáº¦U TIá»€N ÄÃƒ Bá»Š á» VÃ€NG THÃ€NH Ná»’I, KHÃ”NG Rá»¬A RA DC, Má»ŒI NGÆ¯á»œI KO NÃŠN MUA.']"
https://tiki.vn/bo-noi-inox-3-day-sunhouse-sh334-p2039747.html?spid=10005396,Bá»™ Ná»“i Inox 3 ÄÃ¡y Sunhouse SH334,Sunhouse,536.000â‚«,ÄÃ£ bÃ¡n 2904,4.5,"['Giáº£m 40K Cho Ä‘Æ¡n hÃ ng tá»« 499K', 'Giáº£m 20K Cho Ä‘Æ¡n hÃ ng tá»« 299K', 'Giáº£m 50K Cho Ä‘Æ¡n hÃ ng tá»« 600K', 'Giáº£m 100K Cho Ä‘Æ¡n hÃ ng tá»« 999K', 'Giáº£m 300K Cho Ä‘Æ¡n hÃ ng tá»« 2.3 triá»‡u']",67,18,2,3,4,"['sáº£n pháº©m cháº¥t lÆ°á»£ng QUÃ Tá»† . Chá»‰ má»›i mua vá» thá»­ Ä‘un nÆ°á»›c sÃ´i báº±ng báº¿p Ä‘iá»‡n tá»« thÃ´i mÃ  Ä‘Ã¡y ná»“i Ä‘Ã£ bong trÃ³c ra nhÆ° tháº¿ nÃ y , áº£nh hÆ°á»Ÿng tá»›i sá»©c khá»e ngÆ°á»i tiÃªu dÃ¹ng . YÃªu cáº§u sunhouse thu há»“i sáº£n pháº©m vÃ  xá»­ lÃ½ ', '1. Giao quÃ¡ cháº­m, Ä‘áº·t tá»« thÃ¡ng 8 Ä‘áº¿n thÃ¡ng 11 má»›i giao hÃ ng.\n2. Cáº£ 3 cÃ¡i ná»“i Ä‘á»u dÃ¡n tem bÃªn hÃ´ng vÃ  máº·t dÆ°á»›i, cá»±c kÃ¬ khÃ³ bÃ³c ra, quÃ¡ báº¥t tiá»‡n.', 'Sáº£n pháº©m quÃ¡ má»ng, thÃ¹ng bao bÃ¬ kg Ä‘Ãºng lÃ´ hÃ ng nhÃ  sáº£n xuáº¥t', '- Náº¥u báº¿p tá»« Ä‘Ã¡y ná»“i bá»‹ mÃ³p lÃªn , giá» ná»“i dÃ¡y chá»• cao chá»• tháº¥p\n- ÄÃ¡y ná»“i khÃ´ng dÃ y nhÆ° mong Ä‘á»£i\n- KhÃ³ chiÃªn, dá»… chÃ¡y ná»“i vÃ  khÃ³ táº©y rá»­a \n\nRáº¤T THáº¤T Vá»ŒNG', 'Ä‘Ã³ng gÃ³i cáº©n tháº­n nhÆ°ng hÃ ng thÃ¬ k Ä‘Ãºng ná»“i 3 Ä‘Ã¡y nhÆ°ng khi nháº­n thÃ¬ k pháº£i', 'Ná»“i hÆ¡i bÃ©.Ä‘un to lá»­a hay bá»‹ chÃ¡y cáº¡nh ná»“i.náº¯p ná»“i thÃ¬ bá»‹ báº¯n nÆ°á»›c ra ngoÃ i.', 'sáº£n pháº©m tá»‡ má»›i náº¥u thá»©c Äƒn 2 láº§n Ä‘Ã£ tháº¥y bÃ¡m nhá»¯ng váº¿t chÃ¡y vÃ ng vÃ ng quanh ná»“i rá»“i']"
https://tiki.vn/noi-hap-inox-3-tang-p129143705.html?spid=193656160,Ná»“i Háº¥p Inox 3 Táº§ng,OEM,132.000â‚«,ÄÃ£ bÃ¡n 2154,5.0,,5,0,0,0,0,
https://tiki.vn/chao-chong-dinh-inox-day-tu-nguyen-khoi-day-lien-elmich-trimax-classic-el-2702ol-size-24cm-p195111061.html?spid=195111062,Cháº£o chá»‘ng dÃ­nh Inox Ä‘Ã¡y tá»« nguyÃªn khá»‘i Ä‘Ã¡y liÃªn Elmich Trimax Classic EL-2702OL size 24cm,Elmich,331.000â‚«,ÄÃ£ bÃ¡n 294,5.0,"['Giáº£m 10% Cho Ä‘Æ¡n hÃ ng tá»« 399K', 'Giáº£m 150K Cho Ä‘Æ¡n hÃ ng tá»« 1.5 triá»‡u', 'Giáº£m 200K Cho Ä‘Æ¡n hÃ ng tá»« 2 triá»‡u', 'Giáº£m 300K Cho Ä‘Æ¡n hÃ ng tá»« 3 triá»‡u', 'Giáº£m 400K Cho Ä‘Æ¡n hÃ ng tá»« 4 triá»‡u']",27,2,0,0,0,
https://tiki.vn/chao-sau-long-nag2653-day-tu-5-lop-chong-dinh-vung-kinh-sieu-ben-nagakawa-26cm-dung-tren-moi-loai-bep-hang-chinh-hang-p32178097.html?spid=32178098,Cháº£o SÃ¢u LÃ²ng NAG2653 ÄÃ¡y Tá»« 5 Lá»›p Chá»‘ng DÃ­nh Vung KÃ­nh SiÃªu Bá»n Nagakawa (26cm) - DÃ¹ng TrÃªn Má»i Loáº¡i Báº¿p - HÃ ng ChÃ­nh HÃ£ng,Nagakawa,349.000â‚«,ÄÃ£ bÃ¡n 3012,4.7,"['Giáº£m 30K Cho Ä‘Æ¡n hÃ ng tá»« 349K', 'Giáº£m 15K Cho Ä‘Æ¡n hÃ ng tá»« 299K', 'Giáº£m 50K Cho Ä‘Æ¡n hÃ ng tá»« 699K', 'Giáº£m 80K Cho Ä‘Æ¡n hÃ ng tá»« 799K', 'Giáº£m 150K Cho Ä‘Æ¡n hÃ ng tá»« 1.5 triá»‡u', 'Giáº£m 180K Cho Ä‘Æ¡n hÃ ng tá»« 2 triá»‡u']",642,114,24,14,15,"['MÃ¬nh vá»«a nháº­n Ä‘Æ°á»£c cháº£o, má»Ÿ ra xem vÃ  ráº¥t thÃ­ch khi tháº¥y hÃ¬nh thá»©c cháº£o ráº¥t Ä‘áº¹p, nhÆ°ng nÃ¡p kinh láº¡i ko Ä‘Æ°á»£c láº¯p sáºµn nÃºm nhÆ° trong hÃ¬nh quáº£ng cÃ¡o. Nv giao hÃ ng chá»‰ cho mÃ¬nh tÃºi á»‘c vÃ­t bÃªn trong vÃ  báº£o mÃ¬nh tá»± láº¯p. NhÆ°ng tháº­t Ä‘Ã¡ng sá»£ lÃ  khi mÃ¬nh vá»«a xáº¿p khÃ­t Ä‘Æ°á»£c máº¥y cÃ¡i vÃ²ng Ä‘á»‡m vÃ  báº¯t Ä‘áº§u váº·n á»‘c cho nÃºm khá»›p vá»›i vung thÃ¬ Ä‘á»™t ngá»t vung kÃ­nh vá»¡ tung ra tá»«ng máº£nh, báº¯n tung tÃ³e ra xung quanh, má»™t vÃ i máº£nh nhá» báº¯n cáº£  vÃ o cá»• vÃ  tay mÃ¬nh lÃ m rá»›m mÃ¡u! Táº¡i sao vung kinh láº¡i dá»… vá»¡ vÃ  tiá»m áº©n nguy hiá»ƒm nhÆ° váº­y vá»›i ngÆ°á»i dÃ¹ng? May lÃ  vá»¡ khi chÆ°a dÃ¹ng, chá»© Ä‘ang náº¥u Äƒn mÃ  vá»¡ tung nhÆ° váº­y thÃ¬..Sá»£ quÃ¡, nhÆ° má»™t quáº£ bom thá»§y tinh váº­y! ', 'Nháº­n hÃ ng bá»‹ mÃ³p mÃ©o, lÃµm.', 'Mua 2 Ä‘Æ¡n, 1 Ä‘Æ¡n áº¥m siÃªu tá»‘c thÃ¬ bá»‹ vá»¡, Ä‘Æ¡n cháº£o nÃ y thÃ¬ bÃ³c ra cÃ³ sáºµn 2 váº¿t xÆ°á»›c nhá» trong cháº£o. ChÆ°a bh tháº¥y tháº¥t vá»ng vá»›i Tiki nhÆ° váº­y!', 'Cháº£o bá»‹ mÃ³p, khÃ´ng Ä‘áº­y náº¯p Ä‘Æ°á»£c', 'sáº£n pháº©m lá»—i pháº§n Ä‘Ã¡y,náº¯p thÃ¬ mÃ³p yÃªu cáº§u há»• trá»£ Ä‘á»•i láº¡i sáº£n pháº©m khÃ¡c', 'Má»›i rá»­a xong cáº§m lÃªn gÃ£y tay cáº§m náº¯p rá»“i.', 'Mua 2 Ä‘Æ¡n, 1 Ä‘Æ¡n áº¥m siÃªu tá»‘c thÃ¬ bá»‹ vá»¡, Ä‘Æ¡n cháº£o nÃ y thÃ¬ bÃ³c ra cÃ³ sáºµn 2 váº¿t xÆ°á»›c nhá» trong cháº£o. ChÆ°a bh tháº¥y tháº¥t vá»ng vá»›i Tiki nhÆ° váº­y!', 'Cháº£o bá»‹ mÃ³p, khÃ´ng Ä‘áº­y náº¯p Ä‘Æ°á»£c', 'sáº£n pháº©m lá»—i pháº§n Ä‘Ã¡y,náº¯p thÃ¬ mÃ³p yÃªu cáº§u há»• trá»£ Ä‘á»•i láº¡i sáº£n pháº©m khÃ¡c', 'Giao hÃ ng lÃ¢u: Ä‘áº·t tá»« 10/10 theo dá»± kiáº¿n lÃ  20/10 giao mÃ  hÃ´m nay 28/10 má»›i nháº­n Ä‘c', 'cháº£o bá»‹ mÃ³p Ä‘áº¿n ná»—i khÃ´ng Ä‘Ã³ng náº¯p Ä‘Æ°á»£c, Ä‘á»•i cho mÃ¬nh cÃ¡i khÃ¡c', 'Mua giÃ¡ 300k hÆ¡i tiáº¿c, vÃ¬ cháº£o ko dc xuáº¥t sáº¯c láº¯m. LÃ²ng cháº£o ko dc pháº³ng, chiÃªn bá»‹ trÃ n dáº§u sang 2 bÃªn nÃªn ráº¥t khÃ³ chiÃªn Ä‘á»u Ä‘Æ°á»£c.', 'cháº£o tá»‘t nhÆ°ng bá» báº¿p tá»« chiÃªn dáº§u cháº£i qua hai bÃªn.... lÃ²ng cháº£o nhÃ´ lÃªn khÃ³ chiÃªn cÃ¡.. cháº¥t liá»‡u tá»‘t', 'náº¯p bá»‹ há»ng, k siáº¿t Ä‘Æ°á»£c cháº·t, lÃ m Äƒn tá»‡. Muá»‘n Ä‘á»•i tráº£ hÃ ng.', 'Náº¥u má»›i 2 láº§n xÃ o qua xÃ o láº¡i Ä‘Ã£ trÃ³t lá»›p chá»‘ng dÃ­nh rá»“i', 'TÆ°á»Ÿng the nao binh thuong', 'Vá»«a láº¯p vÃ o Ä‘Ã£ ná»©t. QuÃ¡ tá»‡.', 'cháº£o giao bá»‹ mÃ³p mÃ©o nÃªn tráº£ láº¡i', 'Cháº£o Ä‘áº¹p nhÆ° quáº£ng cÃ¡o , nÃªn mua', 'trÃ³c sÆ¡n, náº¯p lá»ng.......', 'cháº£o ok,nhÆ°ng giao hÃ ng quÃ¡ lÃ¢u nÃ£n dá»… sá»£', 'gá»­i tráº£ láº¡i Chao. chien ca hoÃ i ko vang. ngá»“i chá» doi máº¥t thá»i gian', 'PhÃ¢n giua long chao bi nho len', 'sáº£n pháº©m cháº¥t lÆ°á»£ng khÃ´ng tá»‘t nhÆ° quáº£ng cÃ¡o', 'Cháº£o khÃ´ng báº¯t tá»« trÃªn báº¿p, mÃ©o, má»ng......................TÃ´i Ä‘Ã£ tráº£ láº¡i', 'sáº£n pháº©m tá»‘t giao hÃ ng táº­n tinh', 'Cung á»•n.dag sai nen chua bjt ben ko', 'máº·t cháº£o trÃ³c sau vÃ i láº§n xÃ i', 'Lá»«a Ä‘áº£o Ko Ä‘Ãºng cháº¥t lÆ°á»£ng']"
https://tiki.vn/bo-noi-xung-hap-28cm-dung-duoc-bep-tu-p81763153.html?spid=186477912,"Bá»˜ Ná»’I Xá»¬NG Háº¤P 28CM, DÃ™NG ÄÆ¯á»¢C Báº¾P Tá»ª",OEM,433.677â‚«,ÄÃ£ bÃ¡n 572,4.0,,0,1,0,0,0,
https://tiki.vn/bo-dao-nha-bep-nhat-6-mon-cao-cap-chinh-hang-dododios-p172940012.html?spid=172940013,"Bá»™ Dao NhÃ  Báº¿p Nháº­t 6 MÃ³n Cao Cáº¥p - ChÃ­nh hÃ£ng DODODIOS, dao nhÃ  báº¿p Nháº­t Báº£n - Logo trÃªn thÃ¢n dao ngáº«u nhiÃªn",dododios,184.000â‚«,ÄÃ£ bÃ¡n 1484,4.5,,46,17,1,4,3,"['chá»‘ng rá»‰ sÃ©t Ä‘Ã¢y ğŸ¤£, sÃ i vÃ i láº§n thua con dao thÃ¡i mua ngoÃ i chá»£ gáº§n 3 nÄƒm.', 'Má»ng dÃ­nh, ká»‡ giÃ¡ Ä‘á»ƒ nhÆ° Ä‘á»“ chÆ¡i, thÃ  khÃ´ng mua cÃ²n hÆ¡n mua vá» nhÆ° rÆ°á»›c phiá»n toÃ¡i vÃ o thÃ¢n!', 'Sáº£n pháº©m quÃ¡ tá»‡ dao nháº¹ má»›i cháº·t Ä‘Ã£ máº»', '']"
https://tiki.vn/bo-noi-inox-1-day-sunhouse-sh224-p10775990.html?spid=10775991,Bá»™ 3 Ná»“i Inox 1 ÄÃ¡y Sunhouse SH224 DÃ¹ng Má»i Báº¿p (16-18-24cm) - ChÃ­nh HÃ£ng,Sunhouse,325.000â‚«,ÄÃ£ bÃ¡n 874,3.9,,8,2,2,1,2,"['hÃ ng kÃ©m cháº¥t lÆ°á»£ng. ná»“i bá»‹ mÃ©o thÃ¹ng khÃ´ng há»ng nhÆ°ng ná»“i thÃ¬ há»ng', 'Chat luong Khong tot lam.', '']"
https://tiki.vn/chao-nhom-sau-long-chong-dinh-lock-lock-baum-marble-1-tay-cam-nap-thuy-tinh-lbu1285-28cm-p7699064.html?spid=7699065,"Cháº£o NhÃ´m SÃ¢u LÃ²ng Chá»‘ng DÃ­nh Lock&Lock Baum Marble 1 Tay Cáº§m, Náº¯p Thá»§y Tinh LBU1285 (28cm)",LocknLock,399.000â‚«,ÄÃ£ bÃ¡n 2350,4.6,"['Giáº£m 20K Cho Ä‘Æ¡n hÃ ng tá»« 399K', 'Giáº£m 10K Cho Ä‘Æ¡n hÃ ng tá»« 250K', 'Giáº£m 100K Cho Ä‘Æ¡n hÃ ng tá»« 600K', 'Giáº£m 50K Cho Ä‘Æ¡n hÃ ng tá»« 799K', 'Giáº£m 70K Cho Ä‘Æ¡n hÃ ng tá»« 1.5 triá»‡u', 'Giáº£m 100K Cho Ä‘Æ¡n hÃ ng tá»« 2 triá»‡u', 'Giáº£m 150K Cho Ä‘Æ¡n hÃ ng tá»« 3 triá»‡u']",301,58,10,4,18,"['Mua 2 cháº£o cá»§a Lock&lock, 1 cÃ¡i thÃ¬ ghi Lock&lock, 1 cÃ¡i thÃ¬ Locknlock ? vÃ  Ä‘á»u cÃ¹ng 1 nhÃ  sáº£n xuáº¥t. cháº³ng láº½ cÃ³ 2 nhÃ£n hiá»‡u?? Ä‘á»“ng thá»i 1 cÃ¡i nháº­n Ä‘Æ°á»£c thÃ¬ bá»‹ mÃ³p nhÆ° hÃ¬nh,may khÃ´ng bá»ƒ náº¯p nÃªn dÃ¹ng luÃ´n,máº¥t cÃ´ng Ä‘á»•i tráº£. ', 'CÃ³ thá»ƒ mÃ¬nh nháº­n pháº£i hÃ ng tráº£ láº¡i cá»§a báº¡n nÃ o Ä‘áº·t trÆ°á»›c Ä‘Ã³ nhÆ°ng bá»‹ mÃ©o nÃªn tráº£ láº¡i.\nMÃ¬nh ko Ä‘á»ƒ Ã½ nÃªn bÃ³c tem sáº£n pháº©m ko thÃ¬ cÅ©ng Ä‘á»•i láº¡i', 'Thá»i gian giao hÃ ng ráº¥t nhanh. Tuy nhiÃªn cháº£o bá»‹ mÃ©o. MÃ¬nh tin tÆ°á»Ÿng tiki nÃªn k kiá»ƒm tra kÄ©, Ä‘áº¿n lÃºc dÃ¹ng má»›i biáº¿t náº¯p Ä‘áº­y khÃ´ng kÃ­n Ä‘Æ°á»£c. Giá» thÃ¡o thÃ¹ng ra háº¿t rá»“i nÃªn cháº¯c k Ä‘á»•i Ä‘Æ°á»£c ná»¯a :(', 'Cho mÃ¬nh há»i má»›i láº¥y sáº£n pháº©m vá» má»i thá»© oke háº¿t nhÆ°ng cháº£o bá»‹ mÃ©o nÃªn ko Ä‘áº­y naows vung kÃ­n Ä‘c.cÃ³ thá»ƒ Ä‘á»•i hÃ ng láº¡i ko báº¡n?']"
https://tiki.vn/bo-noi-5-day-cao-cap-num-vang-sunhouse-sh781-quay-ma-vang-cao-cap-16cm-20cm-24cm-dung-cho-moi-loai-bep-hang-chinh-hang-p579962.html?spid=580004,"Bá»™ Ná»“i 5 ÄÃ¡y Cao Cáº¥p NÃºm VÃ ng Sunhouse SH781 Quay Máº¡ VÃ ng Cao Cáº¥p (16cm, 20cm, 24cm) - DÃ¹ng Cho Má»i Loáº¡i Báº¿p - HÃ ng ChÃ­nh HÃ£ng",Sunhouse,544.000â‚«,ÄÃ£ bÃ¡n 5000+,4.6,"['Giáº£m 40K Cho Ä‘Æ¡n hÃ ng tá»« 499K', 'Giáº£m 20K Cho Ä‘Æ¡n hÃ ng tá»« 299K', 'Giáº£m 50K Cho Ä‘Æ¡n hÃ ng tá»« 600K', 'Giáº£m 100K Cho Ä‘Æ¡n hÃ ng tá»« 999K', 'Giáº£m 300K Cho Ä‘Æ¡n hÃ ng tá»« 2.3 triá»‡u']",440,110,21,7,11,"['mÃ¬nh Ä‘áº·t mua ná»“i nÃ y vÃ o thÃ¡ng 11 cho máº¹ á»Ÿ quÃª, máº¹ cáº¥t, má»›i láº¥y ra dÃ¹ng 1-2 láº§n mÃ  ná»“i bá»‹ nhÆ° váº§y, mÃ  gá»­i hÃ¬nh cho tiki xem thÃ¬ báº£o khÃ´ng vá»‡ sinh ká»‹p thá»i. khÃ´ng thá»ƒ hiá»ƒu ná»•i, 1 bÃ  ná»™i trá»£ lÃ¢u nÄƒm lÃ m sao khÃ´ng biáº¿t nhá»¯ng Ä‘iá»u nÃ y, trong khi ná»“i chá»‰ Ä‘Æ°á»£c náº¥u bÃ¬nh thÆ°á»ng nhÆ° nhá»¯ng cÃ¡i khÃ¡c thÃ´i, mÃ  máº¥y cÃ¡i kia cÃ³ bá»‹ nhÆ° váº­y Ä‘Ã¢u. tháº¿ lÃ  máº¥t máº¥y trÄƒm ngÃ n cho sá»± tin tÆ°á»Ÿng tiki. nhÃ  mÃ¬nh Ä‘Ã£ dáº¹p háº¿t máº¥y cÃ¡i cÃ²n láº¡i trong bá»™ ná»“i vÃ  khÃ´ng dÃ¡m xÃ i ná»¯a, lá»¡ cÃ³ cháº¥t gÃ¬ nÃ³ ra náº¥u Äƒn bá»‡nh cÃ²n hÆ¡n. THáº¤T Vá»ŒNG Vá»šI TIKI ', 'náº¥u canh Ä‘Ãºng 3 láº§n thÃ¬ thÃ¢n ná»“i bÃªn trong giá»‘ng nhÆ° bá»‹ quÃ¡ nhiá»‡t xuáº¥t hiá»‡n hiá»‡n tÆ°á»£ng chÃ¡y nÃ¡m, vÃ­ chá»‹u nhiá»‡t Ä‘á»™ cao khÃ´ng ná»•i.Náº¥u báº±ng báº¿p ga.Tháº­t lÃ  Ä‘Ã¡ng tiáº¿c cho 1 sáº£n pháº©m Ä‘áº¯t tiá»n mÃ  kÃ©m cháº¥t lÆ°á»£ng.Cho nÃªn má»›i nÃ³i khÃ´ng an tÃ¢m khi dÃ¹ng hÃ ng Viá»‡t Nam cháº¥t lÆ°á»£ng cao! ', 'Má»›i nháº­n sÃ¡ng nay náº¥u thá»­ nÆ°á»›c nÃ³ng náº¥u mÃ¬ mÃ  ná»“i nÃ³ Ä‘en nhÆ° váº­y háº£ trá»i', 'mÃ¬nh má»›i mua ná»“i nÃ y. khÃ´ng hiá»ƒu cÃ³ pháº£i chÃ­nh hÃ£ng khÃ´ng hay hÃ ng giáº£ hay lÃ  cháº¥t lÆ°á»£ng quÃ¡ kÃ©m, ná»“i inox mÃ  chá»‰ má»›i náº¥u vÃ i láº§n Ä‘Ã£ á»‘ vÃ ng khÃ´ng thá»ƒ chÃ¹i rá»­a Ä‘Æ°á»£c . Ä‘Ã¡y ná»“i 5 lá»›p mÃ  giá» náº¥u kÃªu ná»• ná»• nhÆ° kiá»ƒu muá»‘n lÃ m thá»§ng Ä‘Ã¡y rá»“i. náº¯p ná»“i pháº£i áº¥n máº¡nh má»›i khÃ­t  ráº¥t nguy hiá»ƒm khi pháº£i dÃ¹ng lá»±c máº¡nh má»›i má»Ÿ ra Ä‘c. quÃ¡ tháº¥t vá»ng ', 'HÃ ng y hÃ¬nh, nhÆ°ng Ä‘Ã³ng gÃ³i sÆ¡ sÃ i. Cháº¥t lÆ°á»£ng sp kÃ©m, Ä‘Ã£ sd thá»­. Ná»“i 5 Ä‘Ã¡y nhÆ°ng dá»… bá»‹ chÃ¡y, má»›i náº¥u thá»­ bá»‹ chÃ¡y Ä‘en vÃ  vÃ ng háº¿t Ä‘Ã¡y ná»“i.ğŸ˜¥', 'ná»“i dÃ¹ng 1 láº§n Ä‘Ã£ gá»‰ sÃ©t, cháº¥t liá»‡u kÃ©m', 'Ná»“i náº¥u khi sÃ´i bá»‹ xÃ¬ nÆ°á»›c ra ngoÃ i, ná»“i nhá»¡ bá»‹ kÃªnh láº¯p khi náº¥u', 'ÄÃ¡y dÃ y nhÆ°ng thÃ nh ná»“i má»ng náº¥u lá»­a lá»›n dá»… bá»‹ chÃ¡y thÃ nh ná»“i.', 'HÃ ng nÃ y ko Ä‘Æ°á»£c nhÆ° quáº£ng cÃ¡o ! Cháº¥t liá»‡u khÃ´ng tá»‘t ! Má»›i náº¥u láº§n t2 Ä‘Ã£ bá»‹ loang Ä‘en !', 'Thay Ä‘á»•i thá»i gian hÃ ng, liÃªn tá»¥c, giao hÃ ng cháº­m, háº¹n ngÃ y 1/12 giao sau Ä‘Ã³ láº¡i dá»‹ch sang ngÃ y 5/12 trong khi mÃ¬nh Ä‘áº·t tá»« ngÃ y 26/11 Ä‘Ã£ thanh toÃ¡n, Ä‘á» nghá»‹ xem láº¡i. Thanks!', 'MÃ¬nh nháº­n 3 ná»“i nhÆ°ng ná»“i lá»›n Ä‘Ã¡y cong vÃªnh, ko báº±ng pháº³ng chá»‰ sá»­ dá»¥ng Ä‘Æ°á»£c 2 cÃ¡i. Dá»‹ch vá»¥ Tiki váº«n ráº¥t tá»‘t nhÆ°ng ko hÃ i lÃ²ng sáº£n pháº©m', 'ná»“i náº¥u Ä‘c máº¥y hÃ´m Ä‘Ã£ chuyá»ƒn á»‘ vÃ ng. máº¥t tháº©m má»¹. sp kÃ©m', 'Ná»“i mua vá» sá»­ dá»¥ng Ä‘Æ°á»£c Ä‘áº¿n láº§n thá»© 2 thÃ¬ bÃªn ngoÃ i ná»“i Ä‘en háº¿t. thÃ nh ná»“i má»ng ráº¥t dá»… chÃ¡y.', 'Tiki lÃ m viá»‡c ko chuyÃªn nghiá»‡p, giao hÃ ng khÃ´ng Ä‘Ãºng tiáº¿n Ä‘á»™ lÃ m máº¥t thá»i gian cá»§a khÃ¡ch hÃ ng. TÃ´i há»§y Ä‘Æ¡n hÃ ng vÃ  mua á»Ÿ chá»— khÃ¡c', 'Bá»™ ná»“i náº¥u ráº¥t chÃ¡n. Náº¥u cÃ¡i gÃ¬ cá»© sÃ´i lÃ  vung ná»“i nháº£y lÃªn cá»“ng cá»™c , báº¯n tung toÃ© háº¿t ra xung quanh .', 'Sáº£n pháº©m má»›i sá»­ dá»¥ng hai thÃ¡ng Ä‘Ã£ bá»‹ bung Ä‘Ã¡y ná»“i, cÃ²n nhá»¯ng cÃ¡i cÃ²n láº¡i thÃ¬ vÃ ng Ä‘Ã¡y háº¿t trÆ¡n.', '', 'Bá»™ ná»“i nhÃ¬n Ä‘áº¹p, nhÆ°ng nÃºm cáº§m cá»§a vung vÃ  ná»“i ko cÃ¡ch nhiá»‡t, ráº¥t nÃ³n']"
https://tiki.vn/nen-thom-trang-tri-phong-cach-hoa-kho-thao-moc-p94847014.html?spid=94847020,Náº¿n thÆ¡m trang trÃ­ phong cÃ¡ch hoa khÃ´ tháº£o má»™c,Citta,180.000â‚«,ÄÃ£ bÃ¡n 729,4.7,,124,14,1,3,3,"['MÃ¬nh mua 2 há»™p náº¿n, 1 há»™p nháº­n thÃ¬ táº¡m á»•n, há»™p cÃ²n láº¡i náº¿n quÃ¡ cÅ©, bÃªn trong cÃ¡c cÃ nh hoa trang trÃ­, nhÃ¡nh vá» cam Ä‘Ã£ bá»‹ má»‘i má»t Äƒn rá»—ng, má»Ÿ há»™p náº¿n ra má»t rÆ¡i Ä‘áº§y ra ngoÃ i. \nYÃªu cáº§u Shop Ä‘á»•i láº¡i cÃ¢y náº¿n nÃ y. ', 'Náº¿n Ä‘á»‘t Ä‘Æ°á»£c khoáº£ng 30 phÃºt thÃ¬ lá»­a bÃ©n vÃ o cÃ¡c cÃ¢y quáº¿ há»“i nhÆ° hÃ¬nh, nÃªn bá»‹ tan cháº£y , náº¿u tiáº¿p tá»¥c Ä‘á»‘t khÃ´ng Ä‘á»ƒ Ã½ dá»… phÃ¡t lá»­a chÃ¡y nhÃ , khÃ´ng nÃªn mua sp nÃ y', 'ÄÆ°á»£c cÃ¡i hÃ¬nh thá»©c nhÃ¬n á»•n thÃ´i chá»© mÃ¹i nháº¹ há»u khÃ´ng cáº£m Ä‘Æ°á»£c miáº¿ng nÃ o,', 'Má»i ngÆ°á»i dÃ¹ng sao Ä‘á»ƒ thÆ¡m váº­y áº¡ em Ä‘á»‘t lÃªn cháº£ nghe Ä‘Æ°á»£c mÃ¹i gÃ¬ ğŸ˜ğŸ˜ğŸ˜', 'NhÃ¬n Ä‘áº¹p chá»© náº¿n thÆ¡m mÃ  mÃ¹i thÃ¬ khÃ´ng nghe tháº¥y rÃµ. HÆ¡i chÃ¡n', 'Ko tháº¥y mÃ¹i thÆ¡m nÃ o cáº£, hÆ¡i tháº¥t vá»ng']"
https://tiki.vn/dong-ho-de-ban-led-bao-thuc-thong-minh-p12736380.html?spid=59225549,Äá»“ng há»“ Ä‘á»ƒ bÃ n led bÃ¡o thá»©c thÃ´ng minh,OEM,219.000â‚«,ÄÃ£ bÃ¡n 1232,4.5,,227,59,13,9,10,"['TÃ´i mua 2 chiáº¿c Ä‘á»“ng há»“ mÃ u Ä‘en, giao sÃ¡ng  nay, bÃ¢y giá» má»™t chiáº¿c há»ng, khÃ´ng hiá»‡n lÃªn tÃ­n hiá»‡u giá». TÃ´i muá»‘n há»i sáº½ Ä‘Æ°á»£c Ä‘á»•i láº¡i sáº£n pháº©m khÃ¡c tháº¿ nÃ o?', 'Äá»“ng há»“ Ä‘áº¹p nhÆ°ng táº§m vÃ i tiáº¿ng láº¡i tá»± táº¯t, pháº£i nháº¥n nÃºt Set má»›i sÃ¡ng trá»Ÿ láº¡i, khÃ¡ báº¥t tiá»‡n, ko biáº¿t cá»§a mÃ¬nh bá»‹ lá»—i hay loáº¡i Ä‘á»“ng há»“ nÃ y lÃ  váº­y', 'mÃ¬nh cÃ³ thá»ƒ Ä‘á»•i khÃ´ng shop. má»›i mua vá» nhÆ°ng Ä‘Ã£ bá»‹ lá»—i gÃ¬ Ä‘Ã³. Cá»© má»™t thá»i gian lÃ  Ä‘á»“ng há»“ khÃ´ng hiá»ƒn thá»‹. cháº¡m vÃ o thÃ¬ má»›i sÃ¡ng lÃªn.', 'KhÃ³ sá»­ dá»¥ng vÃ  Ä‘iá»u chá»‰nh thá»i gian vÃ  cháº¿ Ä‘á»™ hiá»ƒn thá»‹. NgoÃ i ra, video hÆ°á»›ng dáº«n sá»­ dá»¥ng ráº¥t khÃ³ tÃ¬m.', 'Láº¯p pin dÃ¹ng Ä‘Æ°á»£c 2 ngÃ y thÃ¬ pin cáº¡n luÃ´n (pin má»›i mua)', 'Äá»“ng há»“ bÃ¡o thá»©c mÃ  ko tháº¥y hÆ°á»›ng dáº«n cÃ i bÃ¡o thá»©c ?', 'Láº¯p pin dÃ¹ng Ä‘Æ°á»£c 2 ngÃ y thÃ¬ pin cáº¡n luÃ´n (pin má»›i mua)', 'Äá»“ng há»“ chá»‰ hiá»‡n sá»‘ khoáº£ng 10s thÃ¬ tá»± Ä‘á»™ng táº¯t, láº¡i cáº§m lÃªn thÃ¬ má»›i hiá»‡n giá» láº¡i', 'sáº£n pháº©m bá»‹ cáº¥n mÃ³p, tháº¥t vá»ng', 'Ráº¥t nhanh háº¿t pin, xÃ i Ä‘c 1 tuáº§n', 'Ä‘á»“ng há»“ xÃ i chÆ°a tá»›i 1 tuáº§n thÃ¬ hÆ°, sau khi thá»­ thay pin má»›i váº«n ko hoáº¡t Ä‘á»™ng', 'Äá»“ng há»“ ko cÃ³ cháº¿ Ä‘á»™ luÃ´n hiá»ƒn thá»‹', 'Nhanh háº¿t pin, khÃ³ sá»­ dá»¥ng.', 'DÃ¹ng Ä‘c Ä‘Ãºng 1 ngÃ y lÃ  Ä‘á»“ng há»“ gáº·p trá»¥c tráº·c.', 'Cháº¡y Ä‘Æ°á»£c Ä‘Ãºng 1 ngÃ y, giá» nÃ³ cá»© chá»›p xong táº¯t, khÃ´ng gá»­i clip Ä‘Æ°á»£c, quÃ¡ tá»‡.', 'Mau hÃªÌt pin, khÃ´ng bÃ¢Ì£t Ä‘Æ°Æ¡Ì£c chÃªÌ Ä‘Ã´Ì£ on thÆ°Æ¡Ì€ng xuyÃªn.', 'TÃ o lao vÃ£i cáº£ Ä‘Ã¡i, hÃ ng tÃ u khá»±a', 'Má»i thá»© ok. Ko van Ä‘á» gÃ¬ cáº£.', 'sáº£n pháº©m siÃªu tá»‡ khÃ´ng nÃªn mua']"
https://tiki.vn/dong-ho-bao-thuc-dien-tu-de-ban-man-hinh-da-chuc-nang-thoi-gian-lich-bao-thuc-nhiet-do-dh89-p45300792.html?spid=184600533,"Äá»“ng há»“ bÃ¡o thá»©c Ä‘iá»‡n tá»­ Ä‘á»ƒ bÃ n mÃ n hÃ¬nh Ä‘a chá»©c nÄƒng thá»i gian, lá»‹ch, bÃ¡o thá»©c, nhiá»‡t Ä‘á»™ DH89",OEM,95.000â‚«,ÄÃ£ bÃ¡n 143,4.5,"['Giáº£m 5K Cho Ä‘Æ¡n hÃ ng tá»« 299K', 'Giáº£m 9K Cho Ä‘Æ¡n hÃ ng tá»« 499K', 'Giáº£m 12K Cho Ä‘Æ¡n hÃ ng tá»« 799K', 'Giáº£m 30K Cho Ä‘Æ¡n hÃ ng tá»« 1.5 triá»‡u', 'Giáº£m 50K Cho Ä‘Æ¡n hÃ ng tá»« 2.5 triá»‡u']",12,1,2,0,1,
https://tiki.vn/tham-long-trai-san-long-min-kich-thuoc-1-2-x-1-6m-dai-tham-long-trai-san-cao-cap-phong-khach-trang-tri-nha-cua-p93154028.html?spid=173947408,Tháº£m lÃ´ng tráº£i sÃ n lÃ´ng má»‹n kÃ­ch thÆ°á»›c 1.2 x 1.6m- dÃ i Tháº£m lÃ´ng tráº£i sÃ n cao cáº¥p phÃ²ng khÃ¡ch trang trÃ­ nhÃ  cá»­a.,Dalton,185.000â‚«,ÄÃ£ bÃ¡n 381,4.5,"['Giáº£m 5K Cho Ä‘Æ¡n hÃ ng tá»« 359K', 'Giáº£m 10K Cho Ä‘Æ¡n hÃ ng tá»« 539K', 'Giáº£m 20K Cho Ä‘Æ¡n hÃ ng tá»« 1.2 triá»‡u']",37,15,2,0,2,
https://tiki.vn/nen-thom-candle-cup-agaya-huong-go-da-lat-p177780907.html?spid=177780913,Náº¿n thÆ¡m Candle Cup/Agaya - HÆ°Æ¡ng Gá»— ÄÃ€ Láº T,Candle Cup,340.000â‚«,ÄÃ£ bÃ¡n 214,5.0,['Giáº£m 10K Cho Ä‘Æ¡n hÃ ng tá»« 121K'],27,0,0,0,0,
https://tiki.vn/sap-nen-thom-dot-phong-nen-hoa-thom-hoa-kho-thien-nhien-mohi-mn1-chinh-hang-p79445924.html?spid=79445925,"Náº¿n thÆ¡m hoa khÃ´ thiÃªn nhiÃªn, sÃ¡p náº¿n thÆ¡m phÃ²ng MO hi cao cáº¥p - HÃ ng chÃ­nh hÃ£ng, giao mÃ u, hÃ¬nh, há»a tiáº¿t há»™p ngáº«u nhiÃªn",MO hi,45.080â‚«,ÄÃ£ bÃ¡n 1598,4.8,,87,19,3,0,0,
https://tiki.vn/vo-tat-nhung-do-theu-chu-merry-christmas-trang-tri-cay-thong-noel-giang-sinh-p201592117.html?spid=201592121,Vá»› (Táº¥t) Nhung Äá» ThÃªu Chá»¯ Merry Christmas Trang TrÃ­ CÃ¢y ThÃ´ng Noel GiÃ¡ng Sinh,NAVIVU,30.000â‚«,ÄÃ£ bÃ¡n 97,4.6,,9,6,0,0,0,
https://tiki.vn/bong-bong-hinh-chu-so-trang-nhom-kich-co-32-inch-trang-tri-tiec-sinh-nhat-p76510119.html?spid=76510129,Bong bÃ³ng hÃ¬nh chá»¯ sá»‘ trÃ¡ng nhÃ´m kÃ­ch cá»¡ 32 inch trang trÃ­ tiá»‡c sinh nháº­t,OEM,15.000â‚«,ÄÃ£ bÃ¡n 576,4.7,"['Giáº£m 5K Sá»‘ lÆ°á»£ng cÃ³ háº¡n', 'Giáº£m 9K Cho Ä‘Æ¡n hÃ ng tá»« 39K', 'Giáº£m 20% Cho Ä‘Æ¡n hÃ ng tá»« 80K', 'Giáº£m 5K Cho Ä‘Æ¡n hÃ ng tá»« 99K', 'Giáº£m 20K Cho Ä‘Æ¡n hÃ ng tá»« 150K', 'Giáº£m 5K Cho Ä‘Æ¡n hÃ ng tá»« 150K', 'Giáº£m 15% Cho Ä‘Æ¡n hÃ ng tá»« 160K', 'Giáº£m 19K Cho Ä‘Æ¡n hÃ ng tá»« 169K', 'Giáº£m 15% Cho Ä‘Æ¡n hÃ ng tá»« 199K', 'Giáº£m 50K Cho Ä‘Æ¡n hÃ ng tá»« 500K', 'Giáº£m 80K Cho Ä‘Æ¡n hÃ ng tá»« 799K', 'Giáº£m 5K Sá»‘ lÆ°á»£ng cÃ³ háº¡n', 'Giáº£m 9K Cho Ä‘Æ¡n hÃ ng tá»« 39K', 'Giáº£m 20% Cho Ä‘Æ¡n hÃ ng tá»« 80K', 'Giáº£m 5K Cho Ä‘Æ¡n hÃ ng tá»« 99K', 'Giáº£m 20K Cho Ä‘Æ¡n hÃ ng tá»« 150K', 'Giáº£m 5K Cho Ä‘Æ¡n hÃ ng tá»« 150K', 'Giáº£m 15% Cho Ä‘Æ¡n hÃ ng tá»« 160K', 'Giáº£m 19K Cho Ä‘Æ¡n hÃ ng tá»« 169K', 'Giáº£m 15% Cho Ä‘Æ¡n hÃ ng tá»« 199K', 'Giáº£m 50K Cho Ä‘Æ¡n hÃ ng tá»« 500K', 'Giáº£m 80K Cho Ä‘Æ¡n hÃ ng tá»« 799K']",68,5,1,1,3,"['KÃ­ch thÆ°á»›c sáº£n pháº©m khÃ´ng Ä‘Ãºng mÃ´ táº£.\nKÃ­ch cá»¡ 32 inch = khoáº£ng 81cm, thá»±c táº¿ khi nháº­n bÃ³ng, bÆ¡m cÄƒng, chá»‰ khoáº£ng 35 cm', 'MÃ´ táº£ sáº£n pháº©m khÃ´ng rÃµ rÃ ng. TÃªn sáº£n pháº©m ghi 32 inch nhÆ°ng sáº£n pháº©m tháº­t chá»‰ lÃ  centiment', 'TÃªn sáº£n pháº©m lÃ  bong bÃ³ng 32 inch nhÆ°ng mÃ  giao bÃ³ng nhá» cÃ³ 32 centiment.', '32 inch mÃ  hÃ ng tháº­t chá»‰ 32 centiment']"
https://tiki.vn/chan-dung-nen-hinh-phat-uncle-bills-buddha-oil-burner-p225935212.html?spid=225935213,ChÃ¢n Äá»±ng Náº¿n HÃ¬nh Pháº­t Uncle Bills â€“ Buddha Oil Burner,UNCLE BILL,133.000â‚«,ÄÃ£ bÃ¡n 1,,,,,,,,
https://tiki.vn/tuong-phat-thich-ca-de-nen-cat-soi-nhang-de-nhang-trang-tri-de-ban-phat-thai-phong-thuy-sieu-dep-p39155254.html?spid=111060425,TÆ°á»£ng Pháº­t ThÃ­ch Ca + Ä‘áº¿ + náº¿n + cÃ¡t + sá»i + nhang + Ä‘áº¿ nhang trang trÃ­ Ä‘á»ƒ bÃ n pháº­t thÃ¡i phong thuá»· siÃªu Ä‘áº¹p,OEM,176.000â‚«,ÄÃ£ bÃ¡n 46,5.0,"['Giáº£m 2% Cho Ä‘Æ¡n hÃ ng tá»« 198K', 'Giáº£m 5K Cho Ä‘Æ¡n hÃ ng tá»« 259K', 'Giáº£m 30K Cho Ä‘Æ¡n hÃ ng tá»« 500K', 'Giáº£m 2% Cho Ä‘Æ¡n hÃ ng tá»« 198K', 'Giáº£m 5K Cho Ä‘Æ¡n hÃ ng tá»« 259K', 'Giáº£m 30K Cho Ä‘Æ¡n hÃ ng tá»« 500K']",11,0,0,0,0,
https://tiki.vn/chieu-dieu-hoa-cao-su-non-latex-2020-reu-1m6x2m-p52596638.html?spid=253311365,CHIáº¾U ÄIá»€U HÃ’A CAO SU NON LATEX 2020 - RÃŠU - 1M6X2M,OEM,200.000â‚«,ÄÃ£ bÃ¡n 130,,,,,,,,
https://tiki.vn/chieu-ngu-van-phong-cao-cap-p117353723.html?spid=117353725,Chiáº¿u ngá»§ vÄƒn phÃ²ng cao cáº¥p,Krishna,40.000â‚«,ÄÃ£ bÃ¡n 2665,4.8,,268,44,5,0,0,
https://tiki.vn/goi-memory-foam-50d-hinh-cong-lock-lock-hlw111-50-x-30-cm-trang-p1399571.html?spid=1408697,Gá»‘i Memory Foam 50D HÃ¬nh Cong Lock&Lock HLW111 (50 x 30 cm) - Tráº¯ng,LocknLock,242.000â‚«,ÄÃ£ bÃ¡n 5000+,4.8,"['Giáº£m 10K Cho Ä‘Æ¡n hÃ ng tá»« 250K', 'Giáº£m 20K Cho Ä‘Æ¡n hÃ ng tá»« 399K', 'Giáº£m 100K Cho Ä‘Æ¡n hÃ ng tá»« 600K', 'Giáº£m 50K Cho Ä‘Æ¡n hÃ ng tá»« 799K', 'Giáº£m 70K Cho Ä‘Æ¡n hÃ ng tá»« 1.5 triá»‡u', 'Giáº£m 100K Cho Ä‘Æ¡n hÃ ng tá»« 2 triá»‡u', 'Giáº£m 150K Cho Ä‘Æ¡n hÃ ng tá»« 3 triá»‡u']",962,153,35,7,11,"['Láº§n Ä‘áº§u tiÃªn mÃ¬nh Ä‘áº·t hÃ ng trÃªn tiki mÃ  khÃ³ chá»‹u ntn. \nMÃ¬nh Ä‘áº·t 3 chiáº¿c gá»‘i khuyáº¿n máº¡i (thanh toÃ¡n sau) - tiki tá»± huá»· Ä‘Æ¡n hÃ ng. \nSau Ä‘Ã³ mÃ¬nh Ä‘áº·t láº¡i 3 chiáº¿c vÃ  thanh toÃ¡n qua tháº» trc. Nvien Ä‘Ã³ng gÃ³i gá»i cho mÃ¬nh báº£o lÃ  Ä‘Ã³ng nháº§m 1 chiáº¿c, nhá» mÃ¬nh huá»· Ä‘Æ¡n. MÃ¬nh báº£o Ä‘Ã³ lÃ  lá»—i cá»§a tiki, mÃ¬nh ko huá»· vÃ¬ Ä‘Ã£ tráº£ tiá»n rá»“i. \n8-9-2019 tiki giao mÃ¬nh 1 chiáº¿c gá»‘i. MÃ¬nh ko á»Ÿ nhÃ  nÃªn cÃ´ hÃ ng xÃ³m nháº­n há»™. KhÃ´ng cÃ³ má»™t biÃªn báº£n hay giáº¥y tá» gÃ¬ ghi lÃ  giao thiáº¿u hÃ ng. \nMÃ¬nh gá»i Ä‘iá»‡n lÃªn tá»•ng Ä‘Ã i cskh cá»§a tiki thÃ¬ nv háº¹n sau 48h sáº½ giáº£i quyáº¿t. \n20-9 tiki giao tiáº¿p 2 chiáº¿c gá»‘i, lÃºc giao tÃ¬nh tráº¡ng bá»c nguyÃªn,  má»Ÿ ra thi trong Ä‘Ã³ cÃ³ má»™t chiáº¿c bá»‹ chuá»™t cáº¯n rÃ¡ch lÃ²i háº¿t cáº£ sá»£i bÃ´ng. \n\nVÃ´ cÃ¹ng tháº¥t vá»ng vá» cÃ¡ch lÃ m viá»‡c cá»§a shop cÅ©ng nhÆ° tiki. ', 'NÃ³ khÃ¡c so vá»›i cÃ¡i há»“i xÆ°a mÃ¬nh mua á»Ÿ AEON. Náº±m bá»‹ Ä‘au Ä‘áº§u vÃ¬ nÃ³ quÃ¡ cao, giá»‘ng *** váº­y Ã¡, cÃ¡i mÃ¬nh mua á»Ÿ AEON lÃ m báº±ng cao su memory foam, cÃ²n cÃ¡i nÃ y thÃ¬ báº±ng xá»‘p thÆ°á»ng chá»© khÃ´ng pháº£i memory foam, tháº¥t vá»ng ghÃª ğŸ˜¤ğŸ˜© ', 'Ä‘Æ¡n hÃ ng trÃªn 500k mÃ  ko cÃ³ Ä‘Æ°á»£c táº·ng quÃ  nhÆ° Ä‘Ã£ Ä‘Äƒng', 'MÃ¬nh Ä‘Ã£ mua vÃ  dÃ¹ng 3 ngÃ y. Thá»­ cáº£ 2 chiá»u Ä‘á»u cáº£m tháº¥y Ä‘au cá»•. Má»i ngÆ°á»i nÃªn dÃ¹ng loáº¡i ""Gá»‘i Memory Foam 50D Lock & Lock HLW114 (62 x 34 x 10 cm)"" loáº¡i nÃ y mÃ¬nh test tháº¥y ok hÆ¡n. CÃ¹ng 3 ngÃ y sá»­ dá»¥ng nhÆ°ng gá»‘i ""Gá»‘i Memory Foam 50D HÃ¬nh Cong Lock&Lock HLW111 (50 x 30 cm) - Tráº¯ng"" nÃ y thiáº¿t káº¿ ko há»£p lÃ½ báº±ng loáº¡i HLW114 kia. ', 'Giao hÃ ng trá»…, dá»‹ch vá»¥ tá»‡ !\nHáº¹n giao hÃ ng trÆ°á»›c 12h Ä‘áº¿n 18h giao!\ngá»i tá»•ng Ä‘Ã i 3 láº§n chá»‰ Ä‘á»ƒ nghe xin lá»—i mÃ  khÃ´gn giáº£i quyáº¿t Ä‘Æ°á»£c\nquÃ¡ náº£n vá»›i dá»‹ch vá»¥ giao hÃ ng cá»§a tiki !\nTráº£i nghiá»‡m nháº­n hÃ ng sai trá»… láº§n thá»© n !!!!! ', 'Trá»i Æ¡i mua uá»•ng tiá»n. ThÃªm Ã­t tiá»n mua gá»‘i ná»‡m Kim CÆ°Æ¡ng náº±m cÃ²n sÆ°á»›ng hÆ¡n Ã¡. Gá»‘i náº±m má»i cá»•, ko dá»… chá»‹u tÃ­ gÃ¬ luÃ´n', 'Máº·t gá»‘i quÃ¡ dá»‘c náº±m khÃ´ng thoáº£i mÃ¡i, sáº£n pháº©m cÅ©ng khÃ´ng giá»‘ng sáº£n pháº©m trÆ°á»›c Ä‘Ã³ mÃ¬nh mua cÃ¡ch Ä‘Ã¢y Ä‘áº§u gáº§n 1 nÄƒm, khÃ´ng hiá»ƒu sao cÃ¹ng thÆ°Æ¡ng hiá»‡u cÃ¹ng mÃ£ hÃ ng mÃ  khÃ¡c nhau váº­y ná»¯a :(( giá» quÄƒng cÃ¡i gá»‘i Ä‘Ã³ chá»© khÃ´ng xÃ i Ä‘c luÃ´n. ', 'Cháº¯c táº¡i m náº±m ko quen, m náº±m ngá»§ 1 hÃ´m mÃ  Ä‘au cá»• máº¥t 3 hÃ´m má»›i khá»i. Giá» cháº³ng dÃ¡m náº±m. Náº±m ngá»§ mÃ  cÄƒng háº¿t cáº£ Ä‘áº§u. Cá»© nghÄ© Ä‘áº§u tÆ° 1 chiáº¿c gá»‘i Ä‘á»ƒ ngá»§ ngon hÆ¡n mÃ  ai ngá» ko Ä‘c nhÆ° mong Ä‘á»£i. Gá»‘i thÃ¬ tá»‘t, má»m. ', 'GiÃ¡ báº¥t thÆ°á»ng. HÃ´m trÆ°á»›c mua chá»‰ cÃ³ 290k mÃ  qua hÃ´m sau tá»›i 435k', 'HÃ ng Ä‘Ã³ng gÃ³i cáº©n, giao hÃ ng nhanh. Gá»‘i cá»©ng k náº±m Ä‘Æ°á»£c. NÃªn mua táº¡i cá»­a hÃ ng lock&lock gá»‘i mÃªm chuáº©n.', 'Sáº£n pháº©m ráº¥t má»ng manh; khÃ´ng Ä‘Ãºng nhÆ° quáº£ng cÃ¡o. Äá»™ dáº§y cá»§a gá»‘i thÃ¬ quÃ¡ má»ng, Khi gá»‘i Ä‘áº§u thÃ¬ xáº¹p háº³n xuá»‘ng.', 'Gá»‘i náº±m dc chá»© ko Ã´m gá»n Ä‘áº§u', 'Gá»‘i hÆ¡i tháº¥p, náº±m hÆ¡i Ä‘au cá»•. Náº¿u muá»‘n mua hÃ£y suy nghÄ© láº¡i, Sao cá»§a Tiki k Ä‘Ã¡ng tin cáº­y Ä‘áº·c biá»‡t lÃ  Tiki Trading', 'shipping takes too long time', 'khi mua gá»‘i vÃ  nháº­n gá»‘i sá» vÃ o ráº¥t Ãªm , tuy nhiÃªn khi dÃ¹ng mÃ¬nh vÃ  chá»“ng bá»‹ Ä‘au má»i cá»• vÃ  vai sau khi ngá»§ dáº­y', 'Ngá»§ nhá»©c Ä‘áº§u láº¯m , Ä‘Ãªm nÃ o cÅ©ng lÄƒn qua lÄƒn láº¡i hÆ¡n má»™t tiáº¿ng má»›i tÃ¬m Ä‘Æ°á»£c vá»‹ trÃ­ cÃ³ thá»ƒ kÃª Ä‘áº§u', '', '', '(*) ÄÃ¡nh giÃ¡ khÃ´ng tÃ­nh Ä‘iá»ƒm\nSáº£n pháº©m gá»‘i oke, khÃ´ng cÃ³ há»™p thuá»· tinh táº·ng kÃ¨m']"
https://tiki.vn/goi-memory-foam-50d-lock-lock-hlw114-62-x-34-x-10-cm-p781987.html?spid=782921,Gá»‘i Memory Foam 50D Lock & Lock HLW114 (61 x 34 x 10 cm),LocknLock,396.000â‚«,ÄÃ£ bÃ¡n 5000+,4.6,"['Giáº£m 10K Cho Ä‘Æ¡n hÃ ng tá»« 250K', 'Giáº£m 20K Cho Ä‘Æ¡n hÃ ng tá»« 399K', 'Giáº£m 100K Cho Ä‘Æ¡n hÃ ng tá»« 600K', 'Giáº£m 50K Cho Ä‘Æ¡n hÃ ng tá»« 799K', 'Giáº£m 70K Cho Ä‘Æ¡n hÃ ng tá»« 1.5 triá»‡u', 'Giáº£m 100K Cho Ä‘Æ¡n hÃ ng tá»« 2 triá»‡u', 'Giáº£m 150K Cho Ä‘Æ¡n hÃ ng tá»« 3 triá»‡u']",674,100,35,14,23,"['Tin tÆ°á»Ÿng TiKi trading nÃªn lÃºc nháº­n hÃ ng mÃ¬nh ko kiá»ƒm tra. HÃ´m qua láº¥y ra cho khÃ¡ch náº±m má»›i phÃ¡t hiá»‡n lÃ  hÃ ng nhÃ¡i/cÅ©/kÃ©m cháº¥t lÆ°á»£ng. MÃ¬nh cÃ³ chá»¥p áº£nh vÃ  quay video so sÃ¡nh. Gá»‘i giáº£ cÃ³ mÃ u sáº­m hÆ¡n, lÃºc nháº¥n vÃ o ko Ãªm, Ä‘Ã n há»“i nhanh, cáº£m giÃ¡c xÆ¡ cá»©ng nhÆ° Ä‘á»‡m mÃºt thÆ°á»ng. ', 'Bá»‹ delay giao hÃ ng cá»±c lÃ¢u. Háº¹n thá»© 4 giao mÃ  Ä‘áº¿n thá»© 3 tuáº§n sau má»›i Ä‘Æ°á»£c giao hÃ ng. LÃºc nháº­n hÃ ng thÃ¬ há»™p Ä‘Ã£ bá»‹ báº¹p mÃ©o vÃ  rÃ¡ch tÆ¡i táº£ háº¿t luÃ´n. ÄÃªm nay má»›i ngá»§ thá»­ sáº£n pháº©m. Láº§n Ä‘áº§u mua hÃ ng Tiki Trading mÃ  tháº¥t vá»ng quÃ¡ ', 'Gá»‘i má»m nháº¹, náº±m ngá»§ khÃ¡ á»•n. Tuy nhiÃªn, mÃ¬nh Ä‘Ã£ chá»n tiki trading Ä‘á»ƒ Ä‘áº£m báº£o hÃ ng cháº¥t lÆ°á»£ng vÃ  nguyÃªn váº¹n thÃ¬ láº§n nÃ y hÃ ng cá»§a mÃ¬nh Ä‘Ã£ bá»‹ khui vá», bá»‹ rÃ¡ch vá» há»™p, cÃ³ váº» nhÆ° bá»‹ thÃ¡o ra bá» láº¡i vÃ o há»™p nhiá»u láº§n. Tuy Ä‘Æ°á»£c bá»c láº¡i báº±ng mÃ ng bá»c Ä‘á»ƒ cháº¯c cháº¯n khi váº­n chuyá»ƒn nhÆ°ng viá»‡c vá» há»™p bá»‹ rÃ¡ch khiáº¿n mÃ¬nh khÃ´ng hÃ i lÃ²ng. Náº¿u báº¯t buá»™c trong quÃ¡ trÃ¬nh kiá»ƒm hÃ ng cÃ¡c báº¡n má»Ÿ há»™p thÃ¬ nÃªn Ä‘áº£m báº£o vá» khÃ´ng bá»‹ rÃ¡ch, tá»‘t nháº¥t lÃ  Ä‘á»ƒ nguyÃªn tÃ¬nh tráº¡ng há»™p Ä‘á»ƒ khÃ¡ch hÃ ng cÃ³ thá»ƒ yÃªn tÃ¢m vá» cháº¥t lÆ°á»£ng sáº£n pháº©m. NhÃ¬n bÃªn ngoÃ i cáº£m giÃ¡c khÃ³ chá»‹u hÆ¡n trong hÃ¬nh nhiá»u. MÃ¬nh Ä‘Ã£ mua hÃ ng tiki ráº¥t nhiá»u láº§n vÃ  cÅ©ng gáº·p qua nhiá»u sá»± cá»‘, tuy nhiÃªn cÃ¡c sáº£n pháº©m liÃªn quan Ä‘áº¿n sá»©c khá»e vÃ  coi trá»ng vá» cháº¥t lÆ°á»£ng thÃ¬ mong tiki lÆ°u Ã½ hÆ¡n vá» sau. ', 'Gá»‘i nháº­n Ä‘Æ°á»£c bÃªn trong mÃºt Ä‘Ã£ bá»‹ rÃ¡ch,lá»— chá»— rÃ¡ch lo ti cáº£ máº·t gá»‘i?Nhá» Tiki Ä‘á»•i láº¡i  khÃ¡c .', 'LÃºc nháº­n hÃ ng, hÃ ng Ä‘Æ°á»£c bao báº±ng mÃ ng bá»c ráº¥t ká»¹ nÃªn khÃ´ng Ä‘á»ƒ Ã½. Vá» nhÃ  má»Ÿ ra tháº¥y vá» há»™p Ä‘Ã£ bá»‹ Æ°á»›t, má»§n giáº¥y ra. Gá»‘i bÃªn trong bá»‹ ngáº¥m nÆ°á»›c áº©m áº©m láº¡i cÃ²n bá»‹ vá»‡t vÃ ng vÃ ng nhÆ° gá»‘i cÅ©. HÃ ng váº­y mÃ  tiki cÅ©ng giao cho khÃ¡ch hÃ ng. KhÃ´ng muá»‘n mua hÃ ng á»Ÿ tiki ná»¯a. ', 'Gá»‘i foam nÃªn cÃ³ tÃ­nh Ä‘Ã n há»“i. MÃ¬nh lÃ  nam, cao 1m7 khi náº±m tháº¥y cÅ©ng bÃ¬nh thÆ°á»ng. Sau 1 Ä‘Ãªm mÃ¬nh ngá»§ thÃ¬ sÃ¡ng dáº­y mÃ¬nh Ä‘au vÃ¹ng cá»• vai gÃ¡y mÃ  trÆ°á»›c giá» mÃ¬nh náº±m gá»‘i cÅ© váº«n khÃ´ng há» bá»‹ Ä‘au. MÃ¬nh Ä‘Ã£ quay láº¡i sá»­ dá»¥ng cÃ¡i gá»‘i cÅ© vÃ¬ sáº£n pháº©m nÃ y khui ra rá»“i thÃ¬ khÃ´ng Ä‘Æ°á»£c Ä‘á»•i tráº£ dÃ¹ khi ngá»§ mÃ¬nh Ä‘Ã£ bá»c láº¡i gá»‘i kÄ© cÃ ng. \n\nKhuyÃªn cÃ¡c báº¡n háº¡n cháº¿ mua gá»‘i trÃªn máº¡ng mÃ  hÃ£y ra táº­n cá»­a hÃ ng lá»±a cÃ¡i gá»‘i Æ°ng Ã½. ', 'Cháº¹p, mÃ¬nh nhá» ngÆ°á»i nháº­n há»™ ko Ä‘á»ƒ Ã½. Vá» giá»Ÿ ra Ä‘Æ°á»£c cÃ¡i há»™p nhÆ° hÃ¬nh, bá»‹ ngáº¥m nÆ°á»›c. MÃ¬nh Ä‘Äƒng lÃªn Ä‘á»ƒ má»i ngÆ°á»i Ä‘á»ƒ Ã½. HÃ ng tiki trading cÅ©ng pháº£i kiá»ƒm tra ká»¹.', 'sáº£n pháº©m khÃ´ng tá»‘t nhÆ° ká»³ vá»ng, kÃª 7 ngÃ y lÃ  máº¥t ngá»§ cáº£ 7 ngÃ y. cao, cá»©ng, lá»›p bá»c cÃ³ lÃ´ng dá»… bÃ¡m bá»¥i, má»“ hÃ´i gÃ¢y ngá»©a máº·t... trÆ°Æ¡c nghÄ© lÃ  do chÆ°a quen nÃªn cá»‘ gáº¯ng náº±m, Ä‘áº¿ hÃ´m qua thÃ¬ chá»‹u khÃ´ng ná»—i pháº£i mang gá»‘i cÅ© láº¡i kÃª. láº§n Ä‘áº§u tiÃªn tháº¥t vá»ng vá» 1 sáº£n pháº©m cá»§a tiki nhÆ° tháº¿ nÃ y. Giá» cháº¯c mang gá»‘i ra kÃª lÆ°ng thÃ´i chá»© xÃ¹ lÃ´ng váº­y cháº¯c gÃ¬ tráº£ Ä‘Æ°á»£c. quÃ¡ tá»‡ ', 'Gá»‘i cá»±c kÃ¬ cá»©ng, pháº£i quen náº±m gá»‘i cao vÃ  cá»©ng má»›i náº±m Ä‘Æ°á»£c. Náº±m Ä‘Æ°á»£c 1 buá»•i tá»‘i mÃ  Ä‘au Ä‘áº§u khÃ´ng thá»ƒ táº£, váº¹o cá»• luÃ´n. Pháº£i Ä‘á»•i gáº¥p vá» gá»‘i cÅ©', 'Vá» sáº£n pháº©m bÃªn trong : xÃ i á»•n, khÃ¡ lÃ  thÃ­ch\nVá» cÃ¡ch Ä‘Ã³ng gÃ³i, giao sáº£n pháº©m : NhÆ° hÃ¬nh mÃ¬nh Ä‘Ã­nh kÃ¨m bÃªn dÆ°á»›i. mÃ¬nh tháº¥y viá»‡c báº£o quáº£n hÃ ng khÃ¡ lÃ  tá»‡. há»™p gÃ¬ mÃ  mÃ³p vá»›i rÃ¡ch tháº¿ nÃ y.', 'thÃ¹ng Ä‘Ã£ Ä‘c cáº¡y rÃ¡ch chÆ°a biáº¿t cháº¥t lÆ°á»£ng bÃªn trong tn', 'Gá»‘i cao vÃ  cá»©ng chá»© ko má»m. TÃ´i náº±m ngá»­a gá»‘i ngay chá»— hÃµm giá»¯a gá»‘i váº«n tháº¥y cao, náº±m ngá»§ Ä‘Æ°á»£c 1h thÃ¬ bá» gá»‘i náº±m ko luÃ´n vÃ¬ quÃ¡ Ä‘au má»i cá»•.', 'Gá»‘i giao Ä‘áº¿n vá»›i pháº§n Ä‘Ã¡y há»™p Ä‘á»±ng nhÃ u nhÄ© , rÃ¡ch vÃ  mÃ³p mÃ©o. \n\nVá» pháº§n ruá»™t gá»‘i. LÃºc kiá»ƒm tra thÃ¬ pháº§n máº·t sau vÃ  má»™t sá»‘ chá»— á»Ÿ máº·t trÆ°á»›c cÃ³ nhiá»u lá»— hÃµm, khÃ´ng lÃ¡ng Ä‘á»u. Pháº§n giá»¯a gá»‘i Ä‘á»ƒ náº±m ngá»­a láº¡i hÆ¡i cao dÃ¹ Ä‘Ã£ lÃºn xuá»‘ng khi náº±m, náº±m ngá»­a má»™t lÃºc sáº½ bá»‹ má»i cá»•, pháº£i Ä‘á»•i tÆ° tháº¿ náº±m thÆ°á»ng xuyÃªn. Náº±m ngá»§ cÅ©ng khÃ´ng tháº¥y thoÃ¡ng hÆ¡n gá»‘i thÆ°á»ng nhÆ° quáº£ng cÃ¡o. \n\nVá» pháº§n vá» gá»‘i Ä‘i kÃ¨m. MÃ¬nh cho má»™t sao á»Ÿ pháº§n vá» gá»‘i. LÃºc láº¥y ra Ä‘Ã£ ná»“ng mÃ¹i nhÆ° hÃ³a cháº¥t táº©y rá»­a, lÃºc Ä‘em giáº·t mÃ¹i cÃ²n tá»a ra nhiá»u hÆ¡n. MÃ¬nh giáº·t tay pháº§n vá» gá»‘i, chá»‰ vÃ² nháº¹ cho ra háº¿t mÃ¹i thuá»‘c táº©y ban Ä‘áº§u (cuá»‘i cÃ¹ng váº«n khÃ´ng háº¿t mÃ¹i hoÃ n toÃ n). NhÆ°ng sau khi phÆ¡i khÃ´ phÃ¡t hiá»‡n máº·t trÃªn cá»§a vá» gá»‘i cÃ³ má»™t váº¿t rÃ¡ch. Pháº§n váº£i lÆ°á»›i ngoÃ i cÃ¹ng quÃ¡ má»ng manh, pháº£i giáº·t tay nháº¹ nhÃ ng (dÃ¹ váº«n rÃ¡ch), trong khi vá» gá»‘i cÃ³ khoáº£ng 3 lá»›p (ráº¥t dáº§y so vá»›i vá» gá»‘i mÃ¬nh hay mua trong siÃªu thá»‹), lÃ m cáº£m giÃ¡c vá» khÃ´ng Ä‘Æ°á»£c sáº¡ch xÃ  bÃ´ng vÃ  máº¥t thá»i gian cÃ´ng sá»©c. ', 'MÃ¬nh tháº¥y cÃ¡c báº¡n review lÃ  gá»‘i Ãªm nÃªn mÃ¬nh mua vá» náº±m thá»­. NhÆ°ng khi mÃ¬nh dÃ¹ng thÃ¬ tháº¥y gá»‘i cá»©ng vÃ  náº±m lÃ¢u cÃ³ cáº£m giÃ¡c Ä‘au Ä‘áº§u. Náº¿u Ä‘Æ¡n hÃ ng nÃ y bá»‹ lá»—i mong Tiki Ä‘á»•i tráº£ giÃºp mÃ¬nh, náº¿u Ä‘Ã¢y lÃ  cháº¥t lÆ°á»£ng cá»§a gá»‘i thÃ¬ mÃ¬nh khuyÃªn lÃ  khÃ´ng nÃªn mua. ', 'TÃ´i mua sáº£n pháº©m nÃ y sau khi Ä‘á»c reviews  nhÆ°ng quÃ¡ thÃ¡t vá»ng vÃ¬ ngay Ä‘ÃªÌm Ä‘áº§u tiÃªn sá»­ dá»¥ng , vai vÃ  cá»• tÃ´i Ä‘au khá»§ng khiáº¿p, khÃ´ng thá»ƒ quay Ä‘áº§u vÃ  tay cÅ©ng khÃ´ng thá»ƒ vá»›i qua phÃ­a sau gÃ¡y. Sá»£ quÃ¡ tÃ´i khÃ´ng dÃ¡m gá»‘i thÃªm láº§n nÃ o ná»¯a,  tháº­t phÃ­ tiá»n! ', 'MÃ¬nh mua 2sp Ä‘Ã£ thanh toÃ¡n, 1 tuáº§n sau giao 1 sp, 10 ngÃ y sau thÃ¬ huá»· Ä‘Æ¡n ko giao sp cÃ²n láº¡i. Gá»i tá»•ng Ä‘Ã i thÃ¬ ko ai tráº£ lá»i. KhÃ´ng pháº£n há»“i cÃ¡ch xá»­ lÃ½ hoÃ n tiá»n cho khÃ¡ch hÃ ng, khÃ´ng bao giá» mua hÃ ng trÃªn tiki ná»¯a ', 'Má»›i Ä‘áº§u mua vÃ¬ tÆ°á»Ÿng sáº½ Ä‘á»¡ tÃ¬nh tráº¡ng Ä‘au gai gÃ¡y lÃºc ngá»§ dáº­y. nhÆ°ng náº±m má»™t thá»i gian thÃ¬ pháº£i bá» quay vá» dÃ¹ng gá»‘i má»m tháº¥p vÃ¬ tÃ¬nh tráº¡ng cÃ²n tá»‡ hÆ¡n.', 'TÃ´i mua cÃ¡ch nay 1 thÃ¡ng 650k, cÅ©ng ghi Ä‘Ã£ giáº£m giÃ¡. Váº­y mÃ  bá»¯a giá» tÃ´i tháº¥y bÃ¡n giÃ¡ 369k suá»‘t. Tá»« nay pháº£i cáº£nh giÃ¡c vá»›i giÃ¡ cá»§a tiki, Ä‘Ã£ mua trÃªn tiki lÃ¢u nhÆ°ng khÃ´ng nghÄ© mua há»‘ Ä‘áº¿n váº­y.', 'Sáº£n pháº©m cá»©ng, khÃ´ng má»m nhÆ° hÃ ng mua trong cá»­a hang lock n lock, náº±m lÃªn cÃ²n Ä‘au cá»• hÆ¡n! Má»i ngÆ°á»i mua cáº©n tháº­n. K thÃ¬ check trÆ°á»›c náº±m trÆ°á»›c khoan xÃ© nylon ra Ä‘á»ƒ cÃ²n Ä‘á»•i tráº£ nha.huhu....', 'Cáº£m giÃ¡c nhÆ° mua hÃ ng 1 tháº­p ká»‰ rá»“i má»›i Ä‘Æ°á»£c nháº­n.', 'TÃ”I Äáº¶T HÃ€NG LÃ€ QUÃ€ Táº¶NG CÃ“ ÄÃNH KÃˆM Lá»œI CHÃšC, NHÆ¯NG NGÆ¯á»œI NHáº¬N HÃ€NG THÃŒ CHá»ˆ NHáº¬N ÄC Há»˜P GIAO HÃ€NG NHÆ¯ BÃŒNH THÆ¯á»œNG, KHÃ”NG CÃ“ THIÃŠP GHI Lá»œI CHÃšC ÄÃNH KÃˆM. KHÃ LÃ€ THáº¤T Vá»ŒNG', 'tÃ´i mua hÃ ng vÃ  thanh toÃ¡n ngÃ y 15/06 tá»›i ngÃ y 20/6 má»›i xá»­ lÃ½ xong Ä‘Æ¡n hÃ ng vÃ  giao cho váº­n chuyá»ƒn. láº§n Ä‘áº§u tiÃªn cáº£m tháº¥y khÃ´ng hÃ i lÃ²ng táº¡i tiki. mong thay Ä‘á»•i láº§n sau', 'Mua 3 cÃ¡i ruá»™t gá»‘i Ä‘á»u bá»‹ khuyáº¿t táº­t', 'ÄÃ³ng gÃ³i cá»±c ká»³ tá»‡, cáº£ hai láº§n mua', 'Náº±m ko Ä‘c nhÆ° Ã½ , Ä‘au cá»•, Ä‘Ã nh bá» nÃ³ qua 1 bÃªn', 'gá»‘i cá»©ng, náº±m bá»‹ Ä‘au Ä‘áº§u, kg cáº£i thiá»‡n tÃ¬nh tráº¡ng Ä‘Ã¢u vai gÃ¡y', 'QuÃ¡ tháº¥t vá»ng gá»‘i cá»©ng náº±m ráº¥t nhá»©c Ä‘áº§u\n\nLÃºc Ä‘áº§u nghÄ© lÃ  náº±m ko quen thá»­ 1 t/g váº«n v, rá»“i h bá» xÃ³ luÃ´n ko Ä‘á»¥ng tá»›i', 'ko biáº¿t do chÆ°a quen gá»‘i hay sao mÃ  mÃ¬nh ngá»§ ko ngon, Ä‘au cá»•, Ä‘au Ä‘áº§u.', 'Giáº£m ngÃ¡y tháº­t sá»±, gá»‘i hÆ¡i cá»©ng. NÃªn táº·ng thÃªm 1 bao gá»‘i.', 'Vui lÃ²ng kiá»ƒm tra láº¡i Ä‘Æ¡n hÃ ng sá»‘ 582939696, Ä‘áº·t hÃ ng vÃ o ngÃ y 13/1/2019, Ä‘Ã£ 3 ngÃ y rá»“i mÃ  hÃ ng váº«n chÆ°a Ä‘Æ°á»£c giao cho váº­n chuyá»ƒn.', 'Khong tot lam. Can cai thien', 'Gá»‘i náº±m cao vÃ  Ä‘au lÆ°ng quÃ¡.', 'KhÃ´ng Ãªm. KhÃ¡ cao. Ko thoáº£i mÃ¡i', 'Äau má»i cá»• nÃªn mua thá»­, hoÃ¡ ra gá»‘i khÃ¡ cao, gá»‘i xong Ä‘au hÆ¡n, ai quen dÃ¹ng gá»‘i tháº¥p hoáº·c gá»‘i lÃ´ng vÅ© ko nÃªn mua gá»‘i nÃ y', '', 'Gá»‘i nÃ y khÃ´ng thÃ­ch há»£p vá»›i nhá»¯ng ai ghÃ©t gá»‘i cao quÃ¡, náº±m thay vÃ¬ tháº¥y matxa thÃ¬ hÆ¡i khÃ³ chá»‹u vÃ¬ cao.\nCÃ²n láº¡i thÃ¬ má»m máº¡i, ok.', 'Gá»‘i quÃ¡ tháº¥p cáº£ nhÃ  mÃ¬nh ko ai náº±m Ä‘Æ°á»£c tá»« bÃ© Ä‘áº¿n giÃ . Tháº¥t vá»ng']"
https://tiki.vn/chieu-dieu-hoa-cao-su-non-ks007-p52626416.html?spid=251429194,Chiáº¿u Ä‘iá»u hÃ²a cao su non KS007,OEM,190.877â‚«,ÄÃ£ bÃ¡n 184,5.0,,2,0,0,0,0,
https://tiki.vn/bo-ga-giuo-ng-poly-cotton-lidaco-drap-giuong-du-size-nem-1m2-1m4-1m6-1m8-ta-ng-01-vo-go-i-om-p115092053.html?spid=273165061,"Bá»™ ga giÆ°Æ¡Ì€ng poly cotton LIDACO drap giÆ°á»ng Ä‘á»§ size ná»‡m 1m2, 1m4, 1m6, 1m8 (TÄƒÌ£ng 01 voÌ‰ gÃ´Ìi Ã´m)",LIDACO,85.000â‚«,ÄÃ£ bÃ¡n 3321,4.5,,452,155,26,12,34,"['XÃ¹ lÃ´ng,ra mau,tuen nao cua do', 'Xu long ra mau tien nao cua do', 'HÃ ng khÃ´ng chuáº©n, Ä‘Æ°á»ng lá»—i rÃ¡ch theo kiá»ƒu may vÃ¡ sá»­a láº¡i, ná»‡m cÃ³ 9 phÃ¢n mÃ  táº¥m tráº£i giÆ°á»ng khÃ´ng vá»«a Ä‘á»™ dÃ y khiáº¿n ng dÃ¹ng pháº£i kÃ©o chá»‰nh láº¡i hoÃ i, tiáº¿c tiá»n bá» ra nÃªn mÃ¬nh váº«n xÃ i, chá»© thiá»‡t váº£i cá»©ng ná»¯a nha. buá»“n. ', 'mua 2 cÃ¡i size 1.6m thÃ¬ 1 cÃ¡i to 1 cÃ¡i nhá». Sau 3 láº§n giáº·t thÃ¬ chá»‰ bung háº¿t. Mua hÃ ng Tiki 6 nÄƒm nay chÆ°a bao giá» Ä‘Ã¡nh giÃ¡ kÃ©m sáº£n pháº©m nÃ o nhÆ°ng riÃªng láº§n nÃ y pháº£i viáº¿t review cho má»i ngÆ°á»i nÃ© ra. Bá»±c nháº¥t lÃ  size khÃ´ng vá»«a, cÃ¡i to cÃ¡i nhá» ', 'Váº£i diÃªu má»ng , kÃ­ch thÃ­ch quÃ¡ bÃ© so vá»›i quÃ£ng cÃ¡o nÃªn khÃ´ng bá»c Ä‘Æ°á»£c niá»‡m; giao hÃ ng cÃ²n thiáº¿u vá» gá»‘i Ã´m', 'quÃ¡ tá»‡ , hÃ´i, báº©n , ğŸ˜”ğŸ˜ğŸ˜ğŸ˜ğŸ˜ğŸ˜ğŸ˜ğŸ˜ğŸ˜ğŸ˜ğŸ˜ğŸ˜ğŸ˜ğŸ˜ğŸ˜ğŸ˜ğŸ˜ğŸ˜ğŸ˜ğŸ˜ğŸ˜ğŸ˜ğŸ˜ğŸ˜ğŸ˜ğŸ˜ğŸ˜ğŸ˜ğŸ˜ğŸ˜ğŸ˜ğŸ˜ğŸ˜ğŸ˜ğŸ˜', 'Sáº£n pháº©m ráº¥t hÃ´i sau khi giáº·t 2 láº§n váº«n khÃ´ng háº¿t mÃ¹i. MÃ¹i chá»‰ bá»‘c ra khi báº¡n má»Ÿ tÃºi Ä‘á»±ng sáº£n pháº©m, nhÆ°ng LIDACO khÃ´ng cho tráº£ láº¡i vÃ¬ Ä‘Ã£ má»Ÿ sáº£n pháº©m ra.', 'KÃ­ch thÆ°á»›c khÃ´ng nhÆ° thá»±c táº¿ quÃ£ng cÃ¡o - bá»c khÃ´ng Ä‘Æ°á»£c vÃ o niá»‡m', 'Äáº·t 3 bá»™ ga,  HÃ ng vá»«a nháº­n , khÃ´ng diá»…n táº£ luÃ´n', 'giao khÃ´ng Ä‘Ãºng , mÃ¬nh Ä‘áº·t bÃ² sá»¯a mÃ  giao hÃ¬nh bÃ´ng tuyáº¿t', 'Vá»«a Ä‘áº·t xong 3 bá»™ , chÃ¡n vÃ´ cÃ¹ng', 'Drap má»ng, nhÃ¬n kÃ©m cháº¥t lÆ°á»£ng, bá»‹ báº©n nhÆ°ng váº«n giao khÃ¡ch.', 'Sáº£n pháº©m cÃ³ mÃ¹i ráº¥t hÃ´i, giáº·t 2 láº§n vá»›i nÆ°á»›c xáº£ váº£i mÃ  váº«n ko háº¿t mÃ¹i hÃ´i. BÃ¢y h mÃ¬nh khÃ´ng biáº¿t lÃ m sao!', 'Giao k Ä‘Ãºng size mÃ¬nh Ä‘áº·t, cÃ³ nhu cáº§u Ä‘á»•i tráº£ sáº£n pháº©m', 'Má»›i tráº£i Ä‘Æ°á»£c máº¥y hÃ´m Ä‘Ã£ rÃ¡ch te tua,cháº¥t lÆ°á»£ng chÃ¡n quÃ¡', 'lá»«a Ä‘áº£o  nghÄ© bao Ä‘á»ƒ cÃ¡i hÃ¬nh to váº­y mÃ¡ giao cÃ¡i ra m2 váº­y mÃ¡ tráº£ tiá»n Ä‘Ã¢y máº¥t dáº¡y', 'mua m8 giao m2, khÃ´ng vui', 'ga qua nho ko vua dem buon ve shop mua ve ko dung duocğŸ¥º', 'vai kate cung ok chÆ°Ì hg ep lÄƒÌm', 'KÃ­ch thÆ°á»›c k chuáº©n vá» k dÃ¹ng Ä‘c.', 'Bá»™ 5 mÃ³n mÃ  chá»‰ cÃ³ 4 mÃ³n k cÃ³ chÄƒn', 'ga bá»‹ lá»—i rÃ¡ch mÃ  cÅ©ng bÃ¡n quÃ¡ tháº¥t vá»ng.', 'MÃ¬nh chá»n size 1m8 sao giao 1m2 ko vá»«a', 'Tá»‡ khÃ´ng nhÆ° mong muá»‘n. KhÃ¡c áº£nh', 'Ä‘Ã£ giao k Ä‘Ãºng máº«u cÃ²n khÃ´g Ä‘Ãºng kÃ­ch thÆ°á»›c quÃ¡ tháº¥t vá»ng', 'DÃ¹ng dc Ä‘Ãºng 1 thÃ¡ng thÃ¬ bá»‹ rÃ¡ch, váº£i quÃ¡ má»ng', 'GÃ  gá»‘i Ä‘Ãºng máº«u nhÆ°ng kÃ­ch thÆ°á»›c Ä‘áº·t sai....', 'HÃ ng váº£i xáº¥u láº¯m,kg nÃªn mua', 'khÃ´ng hÃ i lÃ²ng vá» kÃ­ch cá»Ÿ', 'cháº¥t váº£i thÃ´, mÃ u ko giá»‘ng hÃ¬nh áº£nh. nÃ³i chung lÃ  ko hÃ i lÃ²ng', 'YÃªu cáº§u 1m6*2m láº¡i Ä‘i giao 1m2 cháº³ng hiá»ƒu ná»•i', 'KhÃ´ng nÃªn mua nhÃ© má»i ngÆ°á»i', 'á»§a sao 1m8 mÃ  cÃ³ chÃºt xÃ­u báº±ng 1m6 thÃ´i váº­y chá»i', 'Shop gui KhÃ´ng  Ä‘Ãºng kÃ­ch thÆ°á»›c ,', 'Mua kÃ­ch thÆ°á»›c 1m4 mÃ  ko tráº£i dc , nhá» nhÆ° 1m2, hoa vÄƒn Ä‘áº¹p', 'sai kÃ­ch thÆ°á»›c, ko pháº£i 1m8 x 2m , cho mÃ¬nh Ä‘á»•i láº¡i Ä‘Ãºng size', 'Gra hÆ¡i nhá» vÃ  bá»‹ sá»• chá»‰ nhiá»u', 'Cháº¥t váº£i xáº¥u. E má»›i dÃ¹ng dc 3 ngÃ y rÃ¡ch luÃ´n rá»“i áº¡', 'Shop khÃ´ng nhiá»‡t tÃ¬nh tÆ° váº¥n', 'ÄÆ°a drar 1 mÃ u Ã¡o gá»—i Ã´m 1 mÃ u khÃ¡c', 'Váº£i cá»©ng hok tá»‘t- vá» gá»‘i nhá»', 'hÃ ng chá»£ chÃ¡n láº¯m. chá»‰ lÃªn mua hÃ ng tiki trarding', 'BÃ­ hÆ¡i. Kg báº±ng lÃ³t nilon dÆ°á»›i táº¥m ga', 'giao hÃ ng nhang nhÆ°ng Ä‘áº·t m6 ra m4', 'Váº£i k dc tá»‘t. KÃ©o 1 cÃ¡ch bá»‹ rÃ¡ch', 'cháº¥t liá»‡u má»ng...........']"
https://tiki.vn/chieu-dieu-hoa-cao-su-non-ks001-p52626374.html?spid=257753724,Chiáº¿u Ä‘iá»u hÃ²a cao su non KS001,OEM,219.965â‚«,ÄÃ£ bÃ¡n 1895,4.5,,9,0,0,1,1,"['ChÃ¡n láº¯m, khÃ´ng thá»ƒ mÃ¡ng chun vÃ o ná»‡m Ä‘Æ°á»£c', 'KhÃ´ng tá»‘t nhÆ° quáº£ng cÃ¡o. Xem láº¡i']"
https://tiki.vn/goi-cao-su-non-cho-nguoi-lon-co-gel-lanh-ema-chong-ngu-ngay-giam-dau-moi-co-vai-gay-phong-ngua-thoai-hoa-dot-song-co-phong-cach-nhat-ban-p119309533.html?spid=271452102,"Gá»‘i cao su non cÃ³ gel láº¡nh Ema cho ngÆ°á»i lá»›n - Chá»‘ng ngá»§ ngÃ¡y, giáº£m Ä‘au má»i cá»• vai gÃ¡y - PhÃ²ng ngá»«a thoÃ¡i hÃ³a Ä‘á»‘t sá»‘ng cá»• - Phong cÃ¡ch Nháº­t Báº£n",Ema,325.000â‚«,ÄÃ£ bÃ¡n 2308,4.6,"['Giáº£m 5K Cho Ä‘Æ¡n hÃ ng tá»« 50K', 'Giáº£m 75K Cho Ä‘Æ¡n hÃ ng tá»« 1.5 triá»‡u']",417,120,19,10,10,"['Ghi giÃ¡ lÃ  630k, giáº£m giÃ¡ cÃ²n 320k thá»±c ra lÃ  tÄƒng khá»‘ng thÃ´i. Cao su cáº¯t khÃ´ng mÆ°á»£t, sá»©t sáº¹o, vá» thÃ¬ nhÆ° váº£i gia cÃ´ng, Ä‘Æ°á»ng váº£i á»Ÿ khÃ³a nhÃ´ háº³n lÃªn. Nháº­n Ä‘Æ°á»£c láº¡i cÃ³ váº¿t báº©n á»Ÿ váº£i. TÃ³m láº¡i lÃ  khÃ´ng hÃ i lÃ²ng ', 'gÃ´Ìi vÆ°Ì€a nhÃ¢Ì£n Ä‘c hÃ´m nay. kiÃªÌ‰m tra bÃªn trong thÃ¢Ìy biÌ£ nÆ°Ìt. vui loÌ€ng cho Ä‘Ã´Ì‰i traÌ‰', 'HÃ ng khÃ´ng pháº£i cao su non nhÃ©; phá»§ cao su vá» ngoÃ i thÃ´i. LÃµi xá»‘p', 'BÃ¡n hÃ ng quÃ¡ kÃ©m,giao khÃ¡c loáº¡i,khÃ¡c mÃ u-Äá» nghá»‹ Tiki Ä‘á»•i tráº£ hÃ ng giÃºp mÃ¬nh.\nMua vá» loáº¡i to,cÃ³ hÃµm gÃ¡y láº¡i giao loáº¡i nhá»,thang khÃ´ng cÃ³ hÃµm gÃ¡y,khÃ¡c mÃ u!', 'Giao hÃ ng khÃ´ng Ä‘Ãºng mÃ u\nTáº¡i sao Ä‘áº·t hÃ ng mÃ u xÃ¡m mÃ  giao mÃ u tráº¯ng', 'Bá»n *** má»i ngÆ°á»i Ã .mÃ¬nh mua 2 cÃ¡i nÃ³ giao cÃ³ 1 cÃ¡i tÃ­nh tiá»n 2 cÃ¡i.', 'HÃ ng nhÆ° lÃ´ hÃ ng vá»‹ lá»—i rá»“i Ä‘em bÃ¡n váº­y .ğŸ‘‡', 'Láº§n Ä‘áº§u tiÃªn mua thÃ¬ tá»‘t láº§n thá»© hai thÃ¬ mÃ¹i nhá»±a cá»±c kÃ¬ khá»§ng khiáº¿p chá»©ng tá» khÃ¢u kiá»ƒm soÃ¡t cháº¥t luá»£ng ráº¥t cÃ³ váº¥n Ä‘á».', 'bÃ¡n hÃ ng giáº£ ko Ä‘Ãºng sáº£n pháº©m. chá»‰ cÃ³ vá» gá»‘i khong cÃ³ ruá»™t', 'Äá» nghá»‹ chá»§ Shop liÃªn há»‡ láº¡i vá»›i tÃ´i. ÄÆ¡n hÃ ng báº¡n gá»­i cho tÃ´i khÃ´ng Ä‘Ãºng thÃ´ng tin mÃ´ táº£. Vá» gá»‘i xÆ¡ vÃ  ko Ä‘á»“ng mÃ u vá»›i nhau!!!', 'Gá»‘i rá»Ÿm quÃ¡ khÃ´ng hÃ i lÃ²ng vá»›i nhÃ£n hiá»‡u vÃ  quáº£ng cÃ¡o cá»§a tiki', 'KhÃ´ng nhÆ° mong Ä‘á»£i. MÃ u tráº¯ng dá»… báº©n. Náº±m nghiÃªm Ãºp tai vÃ o gá»‘i nÃªn hÆ¡i mÃºt Ã¹ háº¿t tai', 'nÃªn nÃ³i rÃµ lÃ  vá» gá»‘i hay ruá»™t gá»‘i. tiÃªu Ä‘á» thÃ¬ ruá»™t gá»‘i nháº­n hÃ ng rá»“i má»›i tÃ© ngá»­a vá» gá»‘i', 'Gá»‘i khÃ´ng Ä‘Ãºng máº«u, vá» gá»‘i bá»‹ dÆ¡', 'KÃ­ch thÆ°á»›c gá»‘i quÃ¡ nhá». KhÃ´ng nÃ¢ng Ä‘á»¡ Ä‘Æ°á»£c khi náº±m nghiÃªng', 'Gá»‘i lÃºn xáº¹p vÃ  cÃ³ mÃ¹i hÃ´i', 'Náº±m khÃ´ng thoáº£i mÃ¡i láº¯m. \nRáº¥t khÃ³ chá»‹u', 'gá»‘i xá» thÃ­ch nhÆ°ng mÃ  Ä‘au Ä‘áº§u ko ngá»§ Ä‘Æ°á»£c luÃ´n', 'Táº¡m, gá»‘i khi náº±m hÆ¡i cá»©ng, Ä‘au gÃ¡y thÃªm.', 'cháº³ng nhÆ° quáº£ng cÃ¡o Ä‘á»ƒ mua']"
https://tiki.vn/goi-chu-u-cao-su-non-goi-tua-co-cho-dan-van-phong-lai-xe-du-lich-p72332230.html?spid=72332240,"Gá»I CHá»® U CAO SU NON - Gá»I Tá»°A Cá»” CHO DÃ‚N VÄ‚N PHÃ’NG, LÃI XE, DU Lá»ŠCH",OEM,129.000â‚«,ÄÃ£ bÃ¡n 1000,4.8,,148,26,1,0,1,
https://tiki.vn/goi-cao-su-chong-dau-cot-song-goi-cao-su-danh-cho-nguoi-hay-ngu-ngay-moi-co-vai-gay-hang-chinh-hang-p270862516.html?spid=53257847,Gá»‘i cao su chá»‘ng Ä‘au cá»™t sá»‘ng - Gá»‘i cao su dÃ nh cho ngÆ°á»i hay ngá»§ ngÃ¡y má»i cá»• vai gÃ¡y â€“ HÃ ng chÃ­nh hÃ£ng,miDoctor,89.000â‚«,ÄÃ£ bÃ¡n 1837,4.5,"['Giáº£m 5K Cho Ä‘Æ¡n hÃ ng tá»« 159K', 'Giáº£m 6K Cho Ä‘Æ¡n hÃ ng tá»« 215K', 'Giáº£m 7K Cho Ä‘Æ¡n hÃ ng tá»« 259K', 'Giáº£m 15K Cho Ä‘Æ¡n hÃ ng tá»« 449K', 'Giáº£m 9K Cho Ä‘Æ¡n hÃ ng tá»« 489K', 'Giáº£m 25K Cho Ä‘Æ¡n hÃ ng tá»« 650K', 'Giáº£m 50K Cho Ä‘Æ¡n hÃ ng tá»« 1 triá»‡u']",266,88,21,14,24,"['Gá»Ÿi lá»i Ä‘áº¿n Shop Ä‘Ã£ bÃ¡n 2 chiáº¿c gá»‘i cao su non nÃ y ! \n1/ Gá»‘i mÃ u há»“ng Ä‘Ã£ qua sá»­ dá»¥ng , bá»Ÿi vÃ¬ viá»n cao su Ä‘Ã£ bá»‹ bong chÃ³c á»Ÿ  Ä‘Æ°á»ng viá»n cá»§a  ruá»™t. gá»‘i ! gá»‘i xáº­p xá»‡ cÃ³ nhiá»u náº¿p nhÄƒn á»Ÿ vá» gá»‘i?? \nTháº­t lÃ  báº¥t bÃ¬nh ! ck mÃ¬nh báº£o  bá»‹ mua pháº£i Ä‘Æ°á»£c cÅ© rá»“i? \nÄá» nghá»‹ cho tráº£ 2 chiáº¿c gá»‘i nÃ y gáº¥p! Tiki nÃªn cháº¥n chá»‰nh vá» váº¥n Ä‘á» shop lÃ m Äƒn Ä‘á»‘i trÃ¡i Ä‘á»‘i vá»›i khÃ¡ch? khÃ´ng tÃ´n trá»ng khÃ¡ch!\nYÃªu cáº§u sá»›m tráº£ lá»i cho mÃ¬nh nhÃ© Tiki ? \nXin cáº£m Æ¡n ! ', 'Sáº£n pháº©m sai kÃ­ch thÆ°á»›c tráº§m trá»ng. Náº±m cÃ³ Ãªm Ä‘Ã³ nhÆ°ng k pháº£i cao su non Ä‘Ã¢u nha. K cÃ³ mÃ¹o cao su gÃ¬ háº¿t.', 'HÃ ng lá»Ÿm, khÃ´ng Ä‘Ãºng nhÆ° quáº£ng cÃ¡o, cháº¥t lÆ°á»£ng ráº¥t kÃ©m, má»i ngÆ°á»i chÃº Ã½ shop nÃ y. Nhá» TIKI xem láº¡i shop', 'TÃ´i khÃ´ng hÃ i lÃ²ng vÃ¬ mua 2 chiáº¿c gá»‘i thÃ¬ bá»‹ 2 máº§u vÃ  1 chiáº¿c to 1 chiáº¿c nhá». sau Ä‘Ã³ tÃ´i khiáº¿u náº¡i tiki Ä‘áº¿n hÃ´m nay lÃ  2 ngÃ y váº«n khÃ´ng cÃ³ há»“i Ã¢m.', 'Sáº£n pháº©m 3chiáº¿c thÃ¬ lá»—i hai chiáº¿c, Ä‘Ã³ng gÃ³i thÃ¬ sÆ¡ sÃ i Ä‘á» nghá»‹ hoÃ n tráº£ láº¡i', 'Gá»‘i gÃ¬ má»m Ã¨o, láº¥y hai ngÃ³n tay káº¹p láº¡i cÃ²n xáº¹p lÃ©p ná»¯a lÃ m sao mÃ  gá»‘i Ä‘áº§u (shop Ä‘á»•i cho tui cÃ¡i khÃ¡c Ä‘Æ°á»£c khÃ´ng?)', 'quÃ¡ tá»‡. chÆ°a bao giá» mua sáº£n pháº©m tá»‡ váº­y. gá»‘i náº±m nhÆ° khÃ´ng náº±m, cháº¥t liá»‡u cÅ©ng k pháº£i cao su non. tiki nÃªn xÃ¡c minh láº¡i tÃ­nh xÃ¡c thá»±c cá»§a pháº§n mÃ´ táº£ vÃ  tÃªn sáº£n pháº©m', 'Cháº¥t lÆ°á»£ng thÃ¬ ko nÃ³i tiá»n nÃ o cá»§a náº¥y.HÃ ng ko dc nguyÃªn váº¹n lÅ©ng tÃ¹m lum cÅ©ng ship hay thiá»‡t.', 'gá»‘i quÃ¡ tháº¥p , Ä‘á»“ Ä‘Ã n há»“i yáº¿u, Ä‘á»™ nÃ¢ng Ä‘á»¡ cá»• cá»±c kÃ¬ tháº¥p nÃªn cháº³ng cÃ³ tÃ¡c dá»¥ng gÃ¬ , gáº§n giá»‘ng nhÆ° lÃ  náº±m khÃ´ng kÃª gá»‘i váº­y', 'Gá»‘i nÃ y khÃ´ng dÃ¹ng Ä‘Æ°á»£c do quÃ¡ yáº¿u. Nháº¥n nháº¹ thÃ´i Ä‘Ã£ xáº¹p má»ng dÃ­nh rá»“i. Gai thÃ¬ lÃ m giáº£ báº±ng lá»›p váº£i bá»c chá»© khÃ´ng pháº£i gai cá»§a ruá»™t. Ruá»™t khÃ´ng dÃ¡m cháº¯c lÃ  cao su hay khÃ´ng ná»¯a', 'HÃ ng quÃ¡ tá»‡ khÃ´ng nhÆ° mÃ¬nh tÆ°á»Ÿng nÃ³ má»n nhá»§n giá»‘ng nhÆ° Ä‘á»“ lau báº£ng', 'gá»‘i má»m quÃ¡ khÃ´ng cÃ³ sá»± Ä‘Ã n há»“i', 'Cháº¥t lÆ°á»£ng kÃ©m, ruá»™t quÃ¡ má»m. LiÃªn há»‡ tráº£ láº¡i shop ko pháº£n há»“i, cháº¥t lÆ°á»£ng dá»‹ch vá»¥ kÃ©m', 'HÃ ng ko á»©ng Ã½ cho láº¯m , khuyÃªn khÃ­ch ko nÃªn mua trÃ¡nh tÃ¬nh tráº¡ng phÃ­ pháº¡m Ä‘á»“ng tiá»n', '1 sao, nÃ³i chung hÃ ng tiki giao hÃ ng phÃ­ qÃ¡ cao. nhÃ¢n viÃªn phá»¥c vá»¥ ko hÃ i lÃ²ng', 'KhÃ´ng Ä‘c nhÆ° ká»³ vá»ng, khÃ¡ tháº¥p', 'Tá»‡, liÃªn há»‡ shop khÃ´ng giáº£i quyáº¿t', 'Tá»‡.................................', 'khÃ´ng nhÆ° mong Ä‘á»£i. cao su mÃ  nhÆ° xá»‘p váº­y.', 'Gá»‘i ráº¥t má»ng cháº£ khÃ¡c gá»‘i thÆ°á»ng tÃ­ nÃ o', '*** mua phÃ­ cáº£ tiá»n mang lÃ m ná»‡m ngá»“i thÃ´i', 'Sáº£n pháº©m kÃ©m cháº¥t lÆ°á»£ng. ğŸ˜”', 'láº§n Ä‘áº·t thá»© 3 rá»“i, shop giao cÃ¡i bá»‹ má»m nhÅ©ng. haizz', 'Tiá»n nÃ o cá»§a náº¥y, thá»­ mua chá»‰ Ä‘á»ƒ trÃ£i nghiá»‡m thui ğŸ¤£', 'táº¡m sá»­ dá»¥ng Ä‘Æ°á»£c giÃ¡ bÃ¬nh', 'gá»‘i chÃ¡n..................', 'KhÃ´ng nÃªn mua, sáº£n pháº©m khÃ´ng tá»‘t', 'mem qua nam 2 cai moi vua', 'ko nÃªn mua . 85k khÃ´ng xá»©ng Ä‘Ã¡ng', 'HÃ ng má»ng. K ok láº¯m dÃ¹ng k Äƒn thua', 'Mua 2 cÃ¡i thÃ¬ cÃ¡i tráº¯ng cá»©ng. CÃ i há»“ng má»m dá»… chá»‹u hÆ¡n', 'ÄÃºng lÃ  tiá»n nÃ o cá»§a Ä‘Ã³. Dá»m', 'HÃ ng khÃ´ng giá»‘ng nhu mÃ´ táº£', 'quÃ¡ má»ng,khÃ´ng dÃ y nhÃ¬n ráº¥t chÃ¡n', 'náº±m cÃ ng khÃ³ ngá»§, ngá»§ cÃ ng khÃ´ng sÃ¢u', 'gá»‘i xá»‘p chá»© k pháº£i cao su non', 'Thay cung duoc, moi mua ve sau chua biet', '', '(*) ÄÃ¡nh giÃ¡ khÃ´ng tÃ­nh Ä‘iá»ƒm\nChá»‹ mua hai cÃ¡i gá»‘i cao su non mÃ  hÆ° má»™t cÃ¡i yÃªu cáº§u em Ä‘á»•i cho chá»‹ cÃ¡i khÃ¡c nhÃ©']"
https://tiki.vn/muong-dong-dinh-luong-phan-bon-dang-bot-2-dau-chia-vach-san-tien-loi-de-su-dung-greenhome-p259514009.html?spid=259514011,"Muá»—ng Äong Äá»‹nh LÆ°á»£ng Greenhome, 2 Äáº§u, Chia Váº¡ch Sáºµn, Tiá»‡n Lá»£i, Äong PhÃ¢n BÃ³n Dáº¡ng Bá»™t, Gia Vá»‹",Greenhome,1.800â‚«,ÄÃ£ bÃ¡n 565,,"['Giáº£m 9K Cho Ä‘Æ¡n hÃ ng tá»« 499K', 'Giáº£m 19K Cho Ä‘Æ¡n hÃ ng tá»« 999K', 'Giáº£m 29K Cho Ä‘Æ¡n hÃ ng tá»« 2 triá»‡u', 'Giáº£m 49K Cho Ä‘Æ¡n hÃ ng tá»« 2.9 triá»‡u']",,,,,,
https://tiki.vn/ao-mua-kin-nguoi-khong-xe-ta-vai-du-hang-cao-cap-chong-tham-cuc-tot-ao-mua-di-xe-may-p12030860.html?spid=173443392,"Ão MÆ°a kÃ­n ngÆ°á»i KhÃ´ng Xáº» TÃ  Váº£i DÃ¹ HÃ ng Cao Cáº¥p Chá»‘ng Tháº¥m Cá»±c Tá»‘t, Ão MÆ°a Äi Xe MÃ¡y",OEM,105.000â‚«,ÄÃ£ bÃ¡n 206,4.7,"['Giáº£m 5K Cho Ä‘Æ¡n hÃ ng tá»« 299K', 'Giáº£m 10K Cho Ä‘Æ¡n hÃ ng tá»« 349K', 'Giáº£m 9K Cho Ä‘Æ¡n hÃ ng tá»« 499K', 'Giáº£m 15K Cho Ä‘Æ¡n hÃ ng tá»« 759K', 'Giáº£m 50K Cho Ä‘Æ¡n hÃ ng tá»« 1.2 triá»‡u', 'Giáº£m 100K Cho Ä‘Æ¡n hÃ ng tá»« 2.5 triá»‡u']",22,6,2,0,0,
https://tiki.vn/be-boi-phao-boi-cho-be-3-tang-du-kich-co-p116300329.html?spid=270478735,Bá»ƒ bÆ¡i phao bÆ¡i cho bÃ© 3 táº§ng Ä‘á»§ kÃ­ch cá»¡,OEM,243.000â‚«,ÄÃ£ bÃ¡n 144,5.0,"['Giáº£m 2% Cho Ä‘Æ¡n hÃ ng tá»« 115K', 'Giáº£m 2% Cho Ä‘Æ¡n hÃ ng tá»« 207K', 'Giáº£m 2% Cho Ä‘Æ¡n hÃ ng tá»« 677K']",2,0,0,0,0,
https://tiki.vn/ao-mua-mot-nguoi-trong-suot-co-non-thoi-trang-nhua-eva-su-dung-nhieu-lan-p247298318.html?spid=247298320,"Ão MÆ°a Má»™t NgÆ°á»i Trong Suá»‘t CÃ³ NÃ³n Thá»i Trang, Nhá»±a EVA Sá»­ Dá»¥ng Nhiá»u Láº§n",NAVIVU,45.000â‚«,ÄÃ£ bÃ¡n 319,4.8,,23,6,0,0,0,
https://tiki.vn/vi-go-lot-san-thuong-hieu-ankan-mau-nau-vang-van-go-lot-san-ban-cong-san-vuon-ho-boi-phong-spa-sieu-ben-chiu-nuoc-tot-chong-tron-truot-tieu-chuan-xuat-khau-8-vi-p52354974.html?spid=52354976,"Combo 9 VÃ¡n SÃ n Gá»— Tá»± NhiÃªn MÃ u NÃ¢u VÃ ng, Vá»‰ Gá»— LÃ³t SÃ n Ban CÃ´ng, SÃ¢n VÆ°á»n, Há»“ BÆ¡i, PhÃ²ng Spa, SiÃªu Bá»n, Chá»‹u NÆ°á»›c Tá»‘t, Chá»‘ng TrÆ¡n TrÆ°á»£t, TiÃªu Chuáº©n Xuáº¥t Kháº©u",ANKAN,249.000â‚«,ÄÃ£ bÃ¡n 503,4.7,"['Giáº£m 5K Cho Ä‘Æ¡n hÃ ng tá»« 50K', 'Giáº£m 20K Cho Ä‘Æ¡n hÃ ng tá»« 340K', 'Giáº£m 100K Cho Ä‘Æ¡n hÃ ng tá»« 2 triá»‡u']",42,8,3,1,0,
https://tiki.vn/nam-doi-khang-trichoderma-bacillus-nano-xgreen-aht_corp-1kg-chuyen-dung-trong-nong-nghiep-cung-cap-enzyme-ho-tro-qua-trinh-phan-huy-mun-chat-huu-co-phan-bo-phan-ga-p93024943.html?spid=93024944,"Náº¥m Ä‘á»‘i khÃ¡ng Trichoderma Bacillus Nano Xgreen AHT_Corp 1kg- ChuyÃªn DÃ¹ng Trong NÃ´ng Nghiá»‡p Cung Cáº¥p Enzyme Há»— Trá»£ QuÃ¡ TrÃ¬nh PhÃ¢n Há»§y MÃ¹n, Cháº¥t Há»¯u CÆ¡, phÃ¢n bÃ², phÃ¢n gÃ ",AHT CORP,59.400â‚«,ÄÃ£ bÃ¡n 44,5.0,['Giáº£m 10K Cho Ä‘Æ¡n hÃ ng tá»« 150K'],4,0,0,0,0,
https://tiki.vn/o-du-chong-nang-che-mua-can-uv-tu-dong-dong-mo-khung-12-xuong-p186142362.html?spid=186142382,Ã” DÃ¹ Chá»‘ng Náº¯ng Che MÆ°a Cáº£n UV Tá»± Äá»™ng ÄÃ³ng Má»Ÿ Khung 12 XÆ°Æ¡ng,NAVIVU,230.000â‚«,ÄÃ£ bÃ¡n 357,4.7,,54,9,1,0,2,
https://tiki.vn/vi-go-lot-san-ban-cong-thuong-hieu-ankan-mau-nau-vang-loai-12-nan-van-go-lot-san-ngoai-troi-san-vuon-ho-boi-phong-spa-sieu-ben-chiu-nuoc-tot-chong-tron-truot-tieu-chuan-xuat-khau-1-vi-p185854383.html?spid=185854384,"Vá»‰ Gá»— LÃ³t SÃ n Ban CÃ´ng ThÆ°Æ¡ng Hiá»‡u ANKAN MÃ u NÃ¢u VÃ ng Loáº¡i 12 Nan, VÃ¡n Gá»— LÃ³t SÃ n NgoÃ i Trá»i, SÃ¢n VÆ°á»n, Há»“ BÆ¡i, PhÃ²ng Spa, SiÃªu Bá»n, Chá»‹u NÆ°á»›c Tá»‘t, Chá»‘ng TrÆ¡n TrÆ°á»£t, TiÃªu Chuáº©n Xuáº¥t Kháº©u (1 Vá»‰)",ANKAN,35.000â‚«,ÄÃ£ bÃ¡n 44,5.0,"['Giáº£m 5K Cho Ä‘Æ¡n hÃ ng tá»« 50K', 'Giáº£m 20K Cho Ä‘Æ¡n hÃ ng tá»« 340K', 'Giáº£m 100K Cho Ä‘Æ¡n hÃ ng tá»« 2 triá»‡u']",2,0,0,0,0,
https://tiki.vn/phan-bon-la-cao-cap-thai-lan-raja-npk-30-10-10-plus-hop-1kg-dam-choi-de-nhanh-tot-p176804898.html?spid=176804904,"PhÃ¢n bÃ³n lÃ¡ cao cáº¥p ThÃ¡i Lan RAJA Npk 30-10-10 plus há»™p 1kg Ä‘Ã¢m chá»“i, Ä‘áº» nhÃ¡nh tá»‘t",OEM,139.000â‚«,ÄÃ£ bÃ¡n 8,5.0,,1,0,0,0,0,
https://tiki.vn/combo-100-mieng-boc-giay-p19570948.html?spid=59147874,combo 100 miáº¿ng bá»c giÃ y,OEM,41.097â‚«,ÄÃ£ bÃ¡n 77,4.6,,8,2,1,0,0,
https://tiki.vn/ke-dung-my-pham-de-ban-3-ngan-tu-dung-my-pham-do-trang-diem-co-nap-day-hang-chinh-hang-p185438523.html?spid=185438525,"Ká»‡ Äá»±ng Má»¹ Pháº©m Äá»ƒ BÃ n 3 NgÄƒn, Tá»§ Äá»±ng Má»¹ Pháº©m, Äá»“ Trang Äiá»ƒm CÃ³ Náº¯p Äáº­y - HÃ ng ChÃ­nh HÃ£ng",ENCOVINA,359.000â‚«,ÄÃ£ bÃ¡n 695,4.8,"['Giáº£m 5% Cho Ä‘Æ¡n hÃ ng tá»« 99K', 'Giáº£m 5% Cho Ä‘Æ¡n hÃ ng tá»« 99K']",14,4,0,0,0,
https://tiki.vn/ghe-gac-chan-cong-thai-hoc-ergonomic-footrest-ghe-ke-chan-ghe-gac-chan-van-phong-p186627908.html?spid=214048129,"Gháº¿ GÃ¡c ChÃ¢n CÃ´ng ThÃ¡i Há»c Ergonomic Footrest, Gháº¿ KÃª ChÃ¢n Gháº¿ GÃ¡c ChÃ¢n VÄƒn PhÃ²ng",OEM,289.000â‚«,ÄÃ£ bÃ¡n 1995,4.8,"['Giáº£m 30K Cho Ä‘Æ¡n hÃ ng tá»« 760K', 'Giáº£m 50K Cho Ä‘Æ¡n hÃ ng tá»« 1.2 triá»‡u', 'Giáº£m 100K Cho Ä‘Æ¡n hÃ ng tá»« 1.7 triá»‡u']",235,33,4,3,2,"['Sáº£n pháº©m khÃ´ng giá»‘ng nhÆ° hÃ¬nh vÃ  video quáº£ng cÃ¡o, khÃ´ng  nÃ¢ng háº¡ Ä‘c giá»‘ng Video, tÃ´i xem láº¡i thÃ¬ video vÃ  sáº£n pháº©m chá»¥p cá»§a shop khÃ¡c háº³n nhao. Tháº­t ko hiá»ƒu lÃ  cá»‘ tÃ¬nh lÃ m váº­y Ä‘á»ƒ láº­p lá» Ä‘Ã¡nh trÃ¡o hay ntn??? QuÃ¡ tháº¥t vá»ng! ', 'NhÆ° Ä‘á»“ chÆ¡i tráº» em! \nMua phÃ­ tiá»n tháº­t!\nCháº¯c cháº¯n lÃ  hÃ ng nhÃ¡i!!!!', 'Äá»«ng mua báº£n nÃ y tá»‡ láº¯m, Ä‘á»™ cao cá»§a nÃ³ khÃ´ng phÃ¹ há»£p', 'Bth ko gÃ¬ Ä‘áº·c sáº¯c . Ko Ä‘Ã¡ng tiá»n', 'Tuy giao hÃ ng nhanh, Ä‘Ã³ng gÃ³i ráº¥t cáº©n tháº­n nhÆ°ng sáº£n pháº©m khÃ´ng Ä‘Ã¡ng giÃ¡ 199k']"
https://tiki.vn/hop-dung-giay-nhua-cung-cao-cap-size-lon-cua-nam-cham-lap-rap-tien-loi-song-anh-hang-chinh-hang-p162548473.html?spid=162548477,Há»™p Äá»±ng GiÃ y Nhá»±a Cá»©ng Cao Cáº¥p Size Lá»›n Cá»­a Nam ChÃ¢m Láº¯p RÃ¡p Tiá»‡n Lá»£i Song Anh- HÃ ng ChÃ­nh HÃ£ng,Song Anh,87.000â‚«,ÄÃ£ bÃ¡n 2102,4.5,,81,19,4,2,9,"['HÃ ng giÃ¡ cao, mÃ¬nh chá»n mua vÃ¬ tin sáº£n pháº©m tÆ°Æ¡ng á»©ng vá»›i giÃ¡. Äá»c review tháº¥y cÅ©ng á»•n. Nháº­n hÃ ng tá»‘i hÃ´m qua, sÃ¡ng nay má»Ÿ ra rÃ¡p thÃ¬ pháº§n náº¯p ráº¥t dá»… bung ra. Náº¿u sáº£n pháº©m nÃ y khÃ´ng cÃ³ pháº§n náº¯p Ä‘Ã³ng má»Ÿ thÃ¬ ngÆ°á»i ta cÃ³ thá»ƒ mua ká»‡ giÃ y gá»— cÅ©ng Ä‘Æ°á»£c. Tiki nÃªn xem láº¡i pháº§n cháº¥t lÆ°á»£ng cá»§a Shop nÃ y. Máº¥t uy tÃ­n. Náº¿u cho chá»n khÃ´ng cÃ³ sao nÃ o thÃ¬ Ä‘Ã³ má»›i lÃ  lá»±a chá»n Ä‘Ãºng. Shop nÃªn lÃ m Äƒn Ä‘Ã ng hoÃ ng láº¡i. Má»™t review giÃºp cho nhá»¯ng ngÆ°á»i mua sau cáº©n tháº­n hÆ¡n, vá»«a máº¯c tiá»n vá»«a tá»‡. ', 'ÄÃ³ng gÃ³i ká»¹. NhÆ°ng nÃ¡p nhá»±a bá»‹ cong vÃªnh. CÃ¡i thÃ¬ máº¥t cá»¥c nam chÃ¢m.', '1 náº¯p bá»‹ gÃ£y + 1 náº¯p quÃ¡ cong vÃªnh nÃªn nam chÃ¢m khÃ´ng hÃ­t vÃ o Ä‘Æ°á»£c. \nNhá» Shop Ä‘á»•i dÃ¹m cho 2 há»™p bá»‹ váº¥n Ä‘á» trÃªn', 'Cháº¥t lÆ°á»£ng kÃ©m. Náº¯p bá»‹ cong ko Ä‘Ã³ng háº¿t Ä‘Æ°á»£c. Giao hÃ ng nhanh, nhÆ°ng Ä‘Ã³ng gÃ³i sÆ¡ sÃ i', 'Mua 14 há»™p rá»“i khÃ´ng cÃ³ nam chÃ¢m hÃ­t nhÆ° mÃ´ táº£. Tá»‡. Ráº¥t tá»‡', 'Khui hÃ ng má»›i tháº¥y há»¥t háº«n, má»™t trÄƒm máº¥y chá»¥c k mÃ  chá»‰ cÃ³ 1 há»™p', 'ÄÃ£ ghi chi tiáº¿t bÃªn sáº£n pháº©m tÆ°Æ¡ng tá»± cá»§a shop tÆ°Æ¡ng tá»±.', 'LÃ m quÃ¡ áº©u máº¥t nam chÃ¢m hÃºt', 'Láº¯p vÃ o náº¯p hÆ¡i mÃ©o nÃªn chá»‰ hÃºt dc nam chÃ¢m 1 bÃªn', 'Giao hÃ ng cháº­m. HÃ ng Ä‘áº¿n nÆ¡i cÃ²n bá»‹ vá»¡. QuÃ¡ tá»‡!', 'Ko hÃ i long cho láº¯m ğŸ˜ŠğŸ˜ŠğŸ˜ŠğŸ˜ŠğŸ˜Š']"
https://tiki.vn/ke-de-giay-dep-sagoker-ma-ked201-p182432982.html?spid=182432996,"Ká»† Äá»‚ GIÃ€Y DÃ‰P SAGOKER, mÃ£ KED201",SAGOKER,159.999â‚«,ÄÃ£ bÃ¡n 358,4.8,,76,7,3,1,0,
https://tiki.vn/ban-hoc-gap-gon-ban-laptop-da-nang-tuy-chinh-duoc-goc-nghieng-giam-dau-lung-moi-mat-gm55-p181361773.html?spid=181361777,"BÃ n há»c gáº¥p gá»n, bÃ n laptop Ä‘a nÄƒng tÃ¹y chá»‰nh Ä‘Æ°á»£c gÃ³c nghiÃªng giáº£m Ä‘au lÆ°ng má»i máº¯t - GM55",IGA,219.000â‚«,ÄÃ£ bÃ¡n 304,4.5,['Giáº£m 2% Cho Ä‘Æ¡n hÃ ng tá»« 249K'],21,4,1,3,1,"['Sáº£n pháº©m chá»‰ Ä‘Æ°á»£c gÃ³i trong 1 chiáº¿c há»™p giáº¥y sÆ¡ sÃ i\nGÃ³c bÃ n bá»‹ bong trÃ³c vÃ  rá»›t mÃ¹n cÆ°a', 'Äáº·t mua mÃ u tráº¯ng nhÆ°ng láº¡i giao mÃ u gá»—. Ráº¥t tháº¥t vá»ng.', 'Made in china. BÃ n má»Ÿ 2 bÃªn ko cÃ¢n, vÃ  chÃ¢n cong dá»… báº­t vÃ o trong ngÆ°á»i khi tráº» tÃ¬ tay', 'Made in china. BÃ n má»Ÿ 2 bÃªn ko cÃ¢n, vÃ  chÃ¢n cong dá»… báº­t vÃ o trong ngÆ°á»i khi tráº» tÃ¬ tay']"
https://tiki.vn/ban-hoc-sinh-gap-gon-thong-minh-co-khe-may-tinh-bang-khay-de-ly-va-tay-cam-chan-ban-son-tinh-dien-p271121025.html?spid=271121027,"BÃ n há»c sinh gáº¥p gá»n thÃ´ng minh cÃ³ khe mÃ¡y tÃ­nh báº£ng, khay Ä‘á»ƒ ly vÃ  tay cáº§m - chÃ¢n bÃ n sÆ¡n tÄ©nh Ä‘iá»‡n",PEAFLO,175.000â‚«,ÄÃ£ bÃ¡n 9,,"['Giáº£m 5K Cho Ä‘Æ¡n hÃ ng tá»« 299K', 'Giáº£m 9K Cho Ä‘Æ¡n hÃ ng tá»« 499K', 'Giáº£m 12K Cho Ä‘Æ¡n hÃ ng tá»« 799K', 'Giáº£m 30K Cho Ä‘Æ¡n hÃ ng tá»« 1.5 triá»‡u', 'Giáº£m 50K Cho Ä‘Æ¡n hÃ ng tá»« 2.5 triá»‡u']",,,,,,
https://tiki.vn/gia-de-giay-ke-giay-ke-giay-dep-tu-giay-go-5-tang-p109358289.html?spid=184791828,"GiÃ¡ Ä‘á»ƒ giÃ y, Ká»‡ GiÃ y, ká»‡ giáº§y dÃ©p - Tá»§ giÃ y gá»— 5 táº§ng",OEM,154.996â‚«,ÄÃ£ bÃ¡n 151,4.6,,23,7,1,1,0,
https://tiki.vn/ghe-xoay-van-phong-lam-viec-cong-thai-hoc-deli-tay-gap-thong-minh-co-nga-lung-luoi-thoang-khi-chan-xoay-tien-ich-dem-ghe-em-ai-phu-hop-hoc-sinh-van-phong-game-thu-gaming-hang-chinh-hang-e4928-e4929-e4925-e4926g-p173211404.html?spid=173211412,"Gháº¿ Xoay VÄƒn PhÃ²ng Ngá»“i LÃ m Viá»‡c CÃ´ng ThÃ¡i Há»c Deli - Tay Gáº­p ThÃ´ng Minh, CÃ³ Ngáº£ LÆ°ng, LÆ°á»›i ThoÃ¡ng KhÃ­, ChÃ¢n Xoay Tiá»‡n Ãch, Äá»‡m Gháº¿ ÃŠm AÃ­ - PhÃ¹ Há»£p Há»c Sinh, VÄƒn PhÃ²ng, Game Thá»§, Gaming - HÃ ng ChÃ­nh HÃ£ng - E4928 / E4929 / E4925 / E4926G",Deli,1.105.000â‚«,ÄÃ£ bÃ¡n 2724,4.5,"['Giáº£m 30K Cho Ä‘Æ¡n hÃ ng tá»« 399K', 'Giáº£m 20K Cho Ä‘Æ¡n hÃ ng tá»« 299K', 'Giáº£m 10K Cho Ä‘Æ¡n hÃ ng tá»« 199K', 'Giáº£m 10K Cho Ä‘Æ¡n hÃ ng tá»« 699K']",413,141,38,19,28,"['Nháº­n thÃ¹ng hÃ ng khÃ´ng bá»‹ mÃ³p mÃ©o nhÆ°ng khi má»Ÿ thÃ¹ng hÃ ng thÃ¬ chÃ¢n gháº¿ bá»‹ gáº«y tá»« khi nÃ o.  Tháº­t lÃ  phiá»n phá»©c cho nhá»¯ng láº§n mua hÃ ng nhÆ° nÃ y, cÃ³ cáº£m giÃ¡c ráº¥t khÃ³ chá»‹u. Ráº¥t mong muá»‘n Ä‘Æ°á»£c Tiki lÃ m rÃµ vÃ  Ä‘á»•i hÃ ng cho ngÆ°á»i tiÃªu dÃ¹ng cÃ ng sá»›m cÃ ng tá»‘t. ', 'MÃ¬nh Ä‘á»‹nh sd 1 thá»i gian xem nhÆ° tháº¿ nÃ o má»›i Ä‘Ã¡nh giÃ¡. Sau hÆ¡n 1 thÃ¡ng thÃ¬ pháº§n tá»±a lÆ°ng bá»‹ ngáº£ vá» phÃ­a sau nhiá»u hÆ¡n nhÆ° sáº¯p ngÃ£ Ä‘áº¿n nÆ¡i( mÃ¬nh Ä‘Ã£ váº·n lÃ² xo vÃ  Ä‘Ã³ng chá»‘t ngang gháº¿ ), ngoÃ i ra cÃ²n phÃ¡t ra Ã¢m thanh nhÆ° gá»— ná»©t khi ngáº£ lÆ°ng. Äáº¿n hÃ´m nay thÃ¬ tháº¥y chá»— Ä‘á»ƒ cá»‘ Ä‘á»‹nh vÃ­t trong gháº¿ bay ra luÃ´n. Haiz, quÃ¡ buá»“n vÃ¬ gháº¿ vá»›i má»©c giÃ¡ hÆ¡n 1tr láº¡i cÃ³ cháº¥t lÆ°á»£ng nhÆ° váº­y. ', 'sáº£n pháº©m nhÆ° quáº§n quÃ¨. TÃ´i Ä‘á»c pháº§n mÃ´ táº£ tÆ°á»Ÿng gháº¿ cao láº¯m cÃ¡i bÃ n tÃ´i 75cm mua vá» nÃ³ lÃ¹n tá»‹t ngá»“i nhÆ° kiá»ƒu nÃºp lÃ¹m. Nháº¯n tin cho shop gÃ³p Ã½ ghi láº¡i thÃ´ng sá»‘ thÃ¬ khÄƒn khÄƒn mÃ¬nh Ä‘Ãºng, tÃ´i Ä‘Ã£ oder mua cÃ¢y ben riÃªng Ä‘á»ƒ dÃ¹ng khÃ´ng Ã½ kiáº¿n gÃ¬ rá»“i mÃ  báº£o thá»§ báº£o khÃ¡ch sai. Ok khÃ¡ch sai váº­y khÃ¡ch xin tráº£ láº¡i nhÃ© \nVá»›i khÃ¡ch hÃ ng sau chÃº Ã½ cá»¥m tá»« hÃ ng hÃ£ng nha khÃ´ng má»™t hoÃ¡ Ä‘Æ¡n chá»©ng tá»« tem nhÃ£n mÃ¡c nÃ o cÃ³ tÃªn deli cáº£. MÃ¬nh cÃ³ thiá»‡n chÃ­ khÃ´ng muá»‘n tráº£ hÃ ng mÃ  shop nhÆ° quáº§n Ã¡ ğŸ˜¡ ', 'Gháº¿ cÃ³ chÃ¢n quÃ¡ nhá», khi mÃ¬nh dá»±a lÃªn gháº¿ thÃ¬ bá»‹ gáº£ tÃ© ra Ä‘áº±ng sau vÃ  Ä‘áº­p Ä‘áº§u 2 láº§n, gháº¿ nÃ y ko Ä‘áº£m báº£o quy chuáº©n an toÃ n lao Ä‘á»™ng. Ráº¥t tiáº¿c mÃ¬nh khuyÃªn shop nÃªn cáº£ tiáº¿n chÃ¢n cháº¯c cháº¯n hÆ¡n, tháº­m chÃ­ náº¿u ngá»“i ná»­a mÃ´ng trc cÅ©ng sáº½ gáº­p tÃ© ra Ä‘áº±ng trc.\nShop cÃ³ nhÃ¢n viÃªn ráº¥t nhiá»‡t tÃ¬nh há»— trá»£ mÃ¬nh xuáº¥t VAT trong ngÃ y, tÆ° váº¥n ráº¥t tÃ¢m huyáº¿t. NhÆ°ng mÃ¬nh se  ko mua láº¡i sp nÃ y\nMá»™t tip cho nng Ä‘á»ƒ ko bá»‹ lá»‡ch gháº¿ lÃ  kÃª 1 cÃ¡i tháº£m dÆ°á»›i gháº¿ nhen ', 'Cháº¥t lÆ°á»£ng kÃ©m quÃ¡, thÃ¢n gháº¿ quÃ¡ yáº¿u k ngá»“i tá»±a Ä‘Æ°á»£c, ngá»“i báº­t ngá»¯a tÃ© ra sau, máº·t Ä‘áº¿ gháº¿ cÃ³ 1 Ä‘Æ°á»ng ráº¥t dá»… gÃ£y.', 'Sáº£n pháº©m cháº¥t lÆ°á»£ng kÃ©m, cÃ³ váº¿ ná»©t gÃ£y táº¡i pháº§n chÃ¢n gháº¿. YÃªu cáº§u Ä‘á»•i tráº£ hÃ ng.', 'HÃ ng giao bá»‹ ná»©t gÃ£y á»Ÿ tay vá»‹n.\nÄá» nghá»‹ Ä‘á»•i hÃ ng', '- Vá» sáº£n pháº§m thÃ¬ cháº¥t lÆ°á»£ng hoÃ n thiá»‡n á»Ÿ má»©c táº¡m\n- Vá» tráº£i nghiá»ƒm sá»­ dá»¥ng: Sau khi dÃ¹ng gáº§n 1 tuáº§n thÃ¬ tháº¥y ko tá»‘t  vÃ  váº«n gÃ¢y Ä‘au lÆ°ng do khi ngá»“i lÃ m viá»‡c thÃ¬ lÆ°ng cÃ³ xu hÆ°á»›ng tháº³ng Ä‘á»©ng vÃ  tá»±a vÃ o gháº¿ nhÆ°ng mÃ  ghÃª láº¡i cÃ³ xu hÆ°á»›ng nghiÃªng ra phÃ­a sau nÃªn gÃ¢y Ä‘Ã¢u lÆ°ng. Khi tá»±a gháº¿ vá» phÃ­a sau thÃ¬ cÃ³ cáº£m giÃ¡c khÃ´ng an toÃ n vÃ  dá»… gÃ¢y ngÃ£(do Ä‘Ã£ tá»«ng bá»‹ ngÃ£).\n\nNhÃ¬n chung lÃ  nÃªn xem xÃ©t khi mua ', 'Gháº¿ Ä‘Ãºng nhÆ° hÃ¬nh mÃ´ táº£, tuy nhiÃªn phÃ¢n ká»¹ thuáº­t bá»‹ lá»—i: lá»— khoan vÃ  á»‘c vÃ­t khÃ´ng khá»›p nÃªn khÃ´ng hoÃ n thiá»‡n Ä‘Æ°á»£c cÃ´ng Ä‘oáº¡n láº¯p rÃ¡p. M', 'Gháº¿ hÃ¬nh thá»©c Ä‘áº¹p, nhÆ°ng Ä‘á»™ thoáº£i mÃ¡i khi ngá»“i khÃ´ng báº±ng gháº¿ táº§m 600k cá»§a cÃ¡c hÃ£ng khÃ¡c. Báº¡n nÃ o thÃ­ch Ä‘i vÃ o cÃ´ng nÄƒng hÆ¡n thÃ¬ mua cá»§a hÃ£ng khÃ¡c, nhÆ°ng hÃ¬nh thá»©c sáº½ khÃ´ng Ä‘áº¹p báº±ng, cÃ¡c hÃ£ng khÃ¡c mÃ¬nh chá»§ yáº¿u thÃ¡y chá»‰ cÃ³ mÃ u Ä‘en. \n\nCÃ²n náº¿u muá»‘n mua vá»«a Ä‘áº¹p, vá»«a nhiá»u cÃ´ng nÄƒng thÃ¬ nÃªn mua háº³n cÃ¡c gháº¿ táº§m 1tr2 Ä‘á»• lÃªn\n\nNgoÃ i ra gháº¿ cÃ²n cÃ³ 1 nhÆ°á»£c Ä‘iá»ƒm lÃ  cÃ¡c bá»™ pháº­n khÃ´ng rÃ¡p cháº·t vÃ o nhau mÃ  chá»‰ Ä‘Æ¡n giáº£n lÃ  xáº¿p, lá»“ng, xÃ¢u Ä‘Ã¨ lÃªn nhau, tá»©c lÃ  khi báº¡n nháº¥c cÃ¡i gháº¿ lÃªn, náº¿u cáº§m vÃ o lÆ°ng gháº¿, thÃ¬ pháº§n trá»¥ xoay  chá»— chÃ¢n cÃ³ thá»ƒ rÆ¡i ra, khÃ´ng an toÃ n.\n\nGháº¿ cÃ¡c hÃ£ng khÃ¡c há» thÆ°á»ng láº¯p sáºµn vÃ  Ä‘áº¥u ná»‘i cháº·t vÃ o nhau, nÃªn ngá»“i ráº¥t vá»¯ng. Báº¡n nÃ o lÃ m vÄƒn phÃ²ng ngá»“i nhiá»u gháº¿ trÃªn cÃ´ng ty, ngÃ¢n hÃ ng, lÃ  biáº¿t ngay. ', 'Ráº¥t tháº¥t vá»ng vá» nhÃ  cÅ©ng cáº¥p vá» viá»‡c giáº£i quyáº¿t hÃ ng hÃ³a gá»­i thiáº¿u linh kiá»‡n vÃ  pháº£n há»“i khÃ´ng cÃ³ tÃ­nh há»— trá»£,\nPhÃ­a tiki thÃ¬ yÃªu cáº§u ráº¥t nhiá»u bÆ°á»›c trong khi hÃ ng cáº§n dÃ¹ng liá»n. MÃ¬nh há»©a khÃ´ng bao giá» dÃ¡m mua hÃ ng trÃªn tiki nÃ o. ', 'Pháº§n Ä‘á»‡m ngá»“i ráº¥t má»ng vÃ  yáº¿u, máº¥y cÃ¡i á»‘c vÃ­t báº¯t cá»‘ Ä‘á»‹nh trá»“i lÃªn gÃ¢y Ä‘au mÃ´ng khi ngá»“i. khÃ´ng cÃ³ chá»©c nÄƒng ngáº£ lÆ°ng.\n\nCÃ¡i á»‘p nhá»±a nÆ¡i chá»— cáº§n tá»±a tay cá»© láº¯p vÃ o bung ra\n\nnhÃ¬n chung hÃ ng kÃ©m cháº¥t lÆ°á»£ng\n\nKhÃ´ng nÃªn mua ', 'Sáº£n pháº©m mÃ´ táº£ khÃ´ng rÃµ lÃ m mua gháº¿ tÆ°á»Ÿng Ä‘iá»u chá»‰nh ngáº£ Ä‘Æ°á»£c mÃ  khÃ´ng pháº£i. Mua giÃ¡ hÆ¡n 700k mÃ  chá»‰ tÆ°Æ¡ng Ä‘Æ°Æ¡ng cÃ¡c sáº£n pháº©m 400k. LÃ£ng phÃ­', 'gháº¿ quÃ¡ yáº¿u, 75kg ngá»“i muá»‘n gáº«y cÃ¡i gháº¿, hoÃ n thiá»‡n kÃ©m nhá»±a nhiá»u chá»— cÃ²n cáº£ váº¿t khuÃ´n ráº¥t sáº¯c nhá»n, mua giáº£m giÃ¡ 800k cÃ²n khÃ´ng Ä‘Ã¡ng chá»© mua giÃ¡ gá»‘c 1tr6 cháº¯c Ä‘iÃªn', 'ÄÃ£ nháº­n Ä‘Æ°á»£c hÃ ng, tuy nhiÃªn pháº§n chÃ¢n gháº¿ quÃ¡ bÃ©, khi ngá»“i ngáº£ Ä‘áº§u lÃ  bá»‹ ngÃ£ (Ä‘Ã£ ngÃ£ 2 láº§n). Shop nÃªn cÃ¢n nháº¯c sá»­ dá»¥ng loáº¡i chÃ¢n gháº¿ báº¯t sáº¯t vá»›i bÃ¡n kÃ­nh rá»™ng hÆ¡n, chÃ¢n gháº¿ hiá»‡n táº¡i ko Ä‘Ã¡p á»©ng Ä‘Æ°á»£c nhu cáº§u ngáº£ lÆ°ng ', 'Máº·c dÃ¹ Ä‘Ã£ váº·n kÄ© á»‘c nhÆ°ng gháº¿ váº«n lá»ng láº»o khÃ´ng cÃ³ cháº¯c cháº¯n. YÃªn gháº¿ bá»‹ lÃµm nhiá»u.', 'Gháº¿ má»›i láº¯p thÃ¬ táº¡m cháº¯c cháº¯n, ngÆ°á»i 80kg dÃ¹ng 1 thÃ¡ng sau thÃ¬ ráº¥t lá»ng láº»o, hay bá»‹ ngáº£ ra Ä‘áº±ng sau, nÃªn lÃºc dá»±a vÃ o cÃ³ cáº£m giÃ¡c bá»‹ ngÃ£ ngá»­a hoáº·c sáº¯p gÃ£y, full nhá»±a nÃªn khÃ´ng thá»ƒ cháº¯c cháº¯n Ä‘Æ°á»£c', 'Mua hÃ ng má»›i mÃ  má»Ÿ ra nhÃ¬n bÃ¡m báº©n vá»›i tráº§y xÆ°á»›c nhÆ° Ä‘á»“ cÅ©. Äá»‹nh Ä‘á»•i tráº£ mÃ  cÃ¡i chÃ¢n gháº¿ dÃ­nh cá»©ng ko thÃ¡o ra Ä‘c Ä‘á»ƒ mÃ  Ä‘Ã³ng gÃ³i láº¡i nÃªn pháº£i dÃ¹ng táº¡m.', 'Sáº£n pháº©m hoÃ n thiá»‡n chÆ°a tá»‘t, á»‘c Ä‘á»‹nh vá»‹ tá»±a ngÆ°á»i vá»›i gháº¿ bá»‹ rá»›t ra nÃªn khÃ´ng ngá»“i dá»±a Ä‘Æ°á»£c', 'sau 1 thá»i gian sá»­ dá»¥ng, sáº£n pháº©m ko Ä‘Ãºng nhÆ° mÃ´ táº£, tá»‡, cÃ¡ch chÄƒm sÃ³c khÃ¡ch hÃ ng cá»§a ngÆ°á»i bÃ¡n hÃ ng cÃ ng tá»‡ hÆ¡n.', 'Giao thiáº¿u má»™t tay cáº§m. Mong shop sá»›m giao bá»• sung thÃ¬ mÃ¬nh má»›i láº¯p gháº¿ hoÃ n thiá»‡n Ä‘Æ°á»£c.', 'Gháº¿ lá»Ÿm, pháº§n ngá»“i ráº¥t yáº¿u, chÆ°a ká»ƒ bá»‹ choÃ£i ra khiáº¿n ngá»“i tá»±a sáº½ bá»‹ Ä‘áº©y trÃ´i vá» phÃ­a trÆ°á»›c. \nK cÃ³ láº§n sau mua', 'Giao khÃ´ng giá»‘ng hÃ¬nh,  khÃ´ng cÃ³ pháº§n tá»±a Ä‘áº§u, báº£ng hÆ°á»›ng dáº«n rÃ¡p cÅ©ng váº­y!\nmong Ä‘Æ°á»£c hÆ°á»›ng dáº«n Ä‘á»•i tráº£!\n0909287228', 'chá»‰ táº¡m thÃ´i ko ngon láº¯m, gháº¿ hÆ¡i lÃ¹i cÅ©ng nhÆ° ko dc cá»©ng cÃ¡p láº¯m.\nmÃ¬nh mua kÃ¨m tá»±a cá»• nhÆ°ng thiáº¿t káº¿ cá»§ chuá»‘i quÃ¡ ko xÃ i dc thÃ nh ra phÃ­ tiá»n', 'Giao nháº§m hÃ ng sai chÃ¢n gháº¿. Pháº£i Ä‘á»£i lÃ¢u má»›i giao láº¡i chÃ¢n gháº¿ má»›i gáº¯n Ä‘Æ°á»£c.', 'HÃ ng khÃ´ng nhÆ° mong Ä‘á»£i. Tá»±a lÆ°ng quÃ¡ tháº¥p máº·t ngá»“i khÃ´ng Ãªm', 'Gháº¿ khÃ¡ sÆ¡ SÃ i. So vá»›i giÃ¡ tiá»n thÃ¬ chá»‰ Ä‘c 2 sao', 'Cháº¥t lÆ°á»£ng yáº¿u á»›t, ko Ä‘Ã¡ng tiá»n', 'Gháº¿ khÃ´ng chá»‹u Ä‘Æ°á»£c lá»±c ngá»“i ngáº£ lÆ°ng', 'KhÃ´ng Ãªm, bÃ¡nh xe khÃ´ng linh Ä‘á»™ng, khÃ³ di chuyen', 'Gháº¿ ngá»“i ráº¥t á»p áº¹p, chÃ´ng chÃªnh vÃ  khÃ´ng Ä‘Æ°á»£c cháº¯n cháº¯n. Piston nÃ¢ng háº¡ khÃ´ng mÆ°á»£t mÃ . KhÃ´ng nÃªn mua!', 'hÆ¡i yáº¿u yáº¿u. á»‘c ko khÃ­t nÃªn pháº£i Ä‘i tÃ¬m mua á»‘c dÃ i hÆ¡n má»›i láº¯p ok Ä‘Æ°á»£c.', 'Ngá»“i ko cháº¯c cháº±n mÃ  lá»¡ láº¯p rá»“i, khÃ´ng Æ°ng tÃ­ nÃ o', 'KhÃ´ng cÃ³ chÃºt gÃ¬ gá»i lÃ  cÃ´ng thÃ¡i há»c, hÆ¡i á»™p áº¹p. ThÃ  mua HoÃ  PhÃ¡t cÃ²n hÆ¡n', 'K cháº¯c cháº¯n ngá»“i ngáº¥t ngÆ°á»Ÿngdeex bá»‹ ngÃ£ nÃ³i chung phÃ­ tiá»m', 'Gháº¿ nhá» quÃ¡ ngá»“i khÃ´ng vá»¯ng. MÃ u Ä‘áº¹p', 'Gháº¿ ko cháº¯c cháº¯n nhÆ° áº£nh. á»Œp áº¹p', 'Gháº¿ báº¥p bá»‡nh khÃ´ng vá»¯ng, chÃ¡nnnnnn', 'Gháº¿ á»p áº¹p. Ngá»“i bá»‹ lÃºn vÃ  nghiÃªng', 'Tháº¥p quÃ¡, chiá»u cao cao nháº¥t chá»‰ 46 cm mÃ  bá»‹ lÃºn', 'Tay gháº¿ bÃªn pháº£i thÃ¬ cao hÆ¡n bÃªn trÃ¡i.', 'hÃ ng tÃ u trÃ´ng lá»Ÿm khÃ´ng nÃªn mua', 'Gháº¿ tháº­t sá»± lá»Ÿm, khÃ´ng Ä‘Ã¡ng Ä‘á»ƒ mua', 'Gháº¿ yáº¿u , tá»‡ vá» cháº¥t lÆ°á»£ng', 'mua gháº¿ nhá»±a tá»‘t hÆ¡n.....................', 'giao thiáº¿u á»‘c. cáº§n xem lá»‹', '', '(*) ÄÃ¡nh giÃ¡ khÃ´ng tÃ­nh Ä‘iá»ƒm\nVá»«a khui hÃ ng Ä‘Ã£ bá»‹ vá»¡ rá»“i', '(*) ÄÃ¡nh giÃ¡ khÃ´ng tÃ­nh Ä‘iá»ƒm\nGháº¿ vá»¡ ngay chá»— gáº¯n vÃ o. Ko dÃ¹ng Ä‘Æ°á»£c pháº£i mua cÃ¡i má»›i. QuÃ¡ tá»‡.']"
https://tiki.vn/tui-hop-vai-luoi-dung-do-lot-tat-vo-nhieu-ngan-khay-xep-chia-o-dung-do-de-tu-quan-ao-tien-ich-p173717336.html?spid=201603124,"TÃºi Há»™p Váº£i LÆ°á»›i Äá»±ng Äá»“ LÃ³t, Táº¥t Vá»› Nhiá»u NgÄƒn - Khay Xáº¿p Chia Ã” Äá»±ng Äá»“ Äá»ƒ Tá»§ Quáº§n Ão Tiá»‡n Ãch",OEM,58.000â‚«,ÄÃ£ bÃ¡n 241,4.7,['Giáº£m 5K Cho Ä‘Æ¡n hÃ ng tá»« 175K'],10,4,0,0,0,
https://tiki.vn/ban-lam-viec-phong-cach-bac-au-thuong-hieu-igea-khong-bao-gom-ghe-p208413993.html?spid=208413997,BÃ n LÃ m Viá»‡c Phong CÃ¡ch Báº¯c Ã‚u ThÆ°Æ¡ng Hiá»‡u IGEA (KhÃ´ng Bao Gá»“m Gháº¿),IGA,436.000â‚«,ÄÃ£ bÃ¡n 2863,4.5,['Giáº£m 2% Cho Ä‘Æ¡n hÃ ng tá»« 249K'],654,170,39,24,44,"['Mua Ä‘Æ¡n 2 bÃ n mÃ  giao thiáº¿u 1 bÃ n, chat khÃ´ng tráº£ lá»i, gá»­i khiáº¿u náº¡i chÆ°a tháº¥y giáº£i quyáº¿t.\nmÃ¬nh tÃ­nh nháº­n Ä‘á»§ sáº£n pháº©m, dÃ¹ng cáº£m nháº­n, rá»“i má»›i nháº­n xÃ©t, nhÆ°ng tá»›i nay (Ä‘Ã£ 4 ngÃ y) váº«n chÆ°a tháº¥y shop tráº£ lá»i, nÃªn mÃ¬nh viáº¿t Ä‘Ã¡nh giÃ¡.\n\nMua bÃ n giÃ¡ ~400, mua 2 cÃ¡i lÃ  ~800k, mÃ  nháº­n chá»‰ Ä‘Æ°á»£c 1 cÃ¡i, thÃ¬ thÃ nh ra giÃ¡ 800k/ cÃ¡i bÃ n, váº­y lÃ  quÃ¡ máº¯c.\n\nBÃ n Ä‘áº¹p, nhÆ°ng shop khÃ´ng bá»c ká»¹ cÃ¡c gÃ³c khi váº­n chuyá»ƒn, nÃªn bá»‹ hÆ° cÃ¡c cáº¡nh cá»§a bÃ n, thÃ nh ra nháº­n sáº£n pháº©m xáº¥u ', 'KhuyÃªn má»i ngÆ°á»i Ä‘á»«ng nÃªn mua hÃ ng, sáº£n pháº©m cá»±c kÃ¬ tá»‡, hÃ ng lá»—i mÃ  dÃ¡m Ä‘em giao cÃ³ khÃ¡ch hÃ ng, mÃ©p bÃ n bá»‹ tÃ©c vÃ  sÆ¡n lá»—i phÃ¹ lÃªn nhÆ° tháº¥m nÆ°á»›c lÃ¢u ngÃ y, cáº¡nh bÃªn kia thÃ¬ bá»‹ gÃ£y 1 gÃ³c, chÃ¢n bÃ n thÃ¬ bá»‹ kÃªnh cáº£ 2 bÃªn ( má»i ngÆ°á»i nhÃ¬n hÃ¬nh thÃ¬ sáº½ rÃµ). Ko biáº¿t shop nghÄ© gÃ¬ khi Ä‘Ã³ng gÃ³i 1 sáº£n pháº©m lá»—i cháº¥t lÆ°á»£ng vÃ  Ä‘á»™ hoÃ n thiá»‡n kÃ©m nhÆ° tháº¿ nÃ y Ä‘á»ƒ giao cho khÃ¡ch hÃ ng, mÃ¬nh khuyÃªn má»i ngÆ°á»i ko nÃªn bá» tiá»n ra Ä‘á»ƒ mua hÃ ng cá»§a shop vÃ¬ Ä‘Æ¡n giáº£n lÃ  bÃ¡n hÃ ng ko cÃ³ tÃ¢m ( Ä‘em sp lá»—i Ä‘Ã³ng gÃ³i vÃ  giao cho khÃ¡ch hÃ ng, quÃ¡ tháº¥t vá»ng) ', 'shop giao hÃ ng bá»‹ lá»—i, vá»«a hÆ°, vá»«a cÅ©. CÃ³ 1 cÃ¡i bÃ n  mÃ  bá»‹ bá»ƒ báº¿t 3,4 chá»—. MÃ¬nh Ä‘Ã£ cÃ³ háº£o Ã½ nháº¯n tin Ä‘á»ƒ trao Ä‘á»•i vá»›i shop rá»“i mÃ  hÆ¡n 24h rá»“i mÃ  ko thÃ¨m seen hay pháº£n há»“i. Ä‘Ã£ dá»‹ch khÃ³ khÄƒn rá»“i, khÃ¡ch mua Ä‘Ã£ thanh toÃ¡n trÆ°á»›c mÃ  shop lÃ m Äƒn ko cÃ³ chÃºt uy tÃ­n gÃ¬ háº¿t. mn nÃªn cáº©n tháº­n vá»›i Ä‘Ã¡nh giÃ¡ trc Ä‘Ã³ vÃ¬ ko cÃ³ tÃ­nh xÃ¡c thá»±c gÃ¬ cáº£. mÃ¬nh sáº½ bÃ¡o cÃ¡o viá»‡c nÃ y lÃªn tiki Ä‘á»ƒ xá»­ lÃ½ cho cÃ´ng báº±ng. ', 'ÄÃ³ng gÃ³i cá»±c ká»³ tá»‡ háº¡i, máº·t bÃ n náº·ng vÃ  lÃ m báº±ng gá»— vÃ¡n Ã©p nhÆ°ng chá»‰ Ä‘Ã³ng gÃ³i sÆ¡ sÃ i báº±ng bÃ¬a carton, khÃ´ng cÃ³ Ä‘Æ°á»£c 1 miáº¿ng mÃºt xá»‘p nÃ o, hÃ ng nháº­n Ä‘Æ°á»£c bá»‹ mÃ³p, ná»©t vÃ  trÃ³c sÆ¡n, nháº¯n tin shop khÃ´ng pháº£n há»“i. ChÃ¢n bÃ n báº±ng gá»— cÅ©ng khÃ´ng chá»‹u bá»c láº¡i lÃ m tráº§y xÆ°á»›c háº¿t máº·t bÃ n. Cháº¥t lÆ°á»£ng sáº£n pháº©m cÅ©ng khÃ´ng tá»‘t, bÃ n khÃ´ng cháº¯c cháº¯n, rung láº¯c. ', 'Khen: Sáº£n pháº©m cá»§a IGA ráº¥t tá»‘t, giÃ¡ cáº£ há»£p lÃ½, dá»… láº¯p rÃ¡p\n\nChÃª: Dá»‹ch vá»¥ chÄƒm sÃ³c khÃ¡ch hÃ ng cá»±c kÃ¬ tá»‡\n1, Sáº£n pháº©m giao Ä‘áº¿n sai máº«u khi liÃªn há»‡ giao láº¡i thÃ¬ pháº£n há»“i cháº­m trá»…, nháº¯n tin tá»« 12h nhÆ°ng vÃ¬ chá» pháº£n há»“i lÃ¢u nÃªn 17h mÃ¬nh nháº¯n láº¡i thÃ¬ cá»­a hÃ ng má»›i pháº£n há»“i. Trong khi Ä‘Ã³ vÃ¬ cáº§n gáº¥p nÃªn mÃ¬nh yÃªn cáº§u Ä‘á»•i trong ngÃ y mÃ  dá»‹ch\nvá»¥ nhÆ° váº­y quÃ¡ cháº­m trá»…\n\n2, NhÃ¢n viÃªn khÃ´ng giáº£i quyáº¿t Ä‘Æ°á»£c váº¥n Ä‘á» cho KH. NgÃ y 21 mÃ¬nh nháº­n máº«u bá»‹ sai, lÃºc 15h mÃ¬nh gá»i láº¡i nhÃ¢n viÃªn há»i táº¡i sao chÆ°a giao láº¡i, nvien báº£o: á»¦a bÃªn kho chÆ°a gá»i láº¡i chá»‹ áº¡. Tiáº¿p theo Ä‘áº¿n 18h, mÃ¬nh chÆ°a nháº­n Ä‘Æ°á»£c máº«u giao láº¡i vÃ  gá»i tiáº¿p thÃ¬ nvien láº¡i báº£o: Em cÅ©ng khÃ´ng biáº¿t ná»¯a chá»‹ Æ¡i, chá»‹ Ä‘á»ƒ em liÃªn láº¡c láº¡i bÃªn khoğŸ™‚. MÃ¬nh cÅ©ng nháº¯n lÃ  vÃ¬ cáº§n gáº¥p nÃªn cá»‘ gáº¯ng sÃ¡ng 22 gá»­i sá»›m táº§m 9-10h giÃºp mÃ¬nh, nvien cÅ©ng oke.\n\nTiáº¿p Ä‘Ã³, sÃ¡ng 22 gáº§n 11h mÃ¬nh cÅ©ng chÆ°a nháº­n Ä‘Æ°á»£c máº«u nÃªn gá»i láº¡i há»i táº¡i sao cháº­m trá»… nhÆ° váº­y, NhÃ¢n viÃªn cÅ©ng chá»‰ nÃ³i: Äá»ƒ em tra cá»©u láº¡i Ä‘Æ¡n hÃ ngğŸ™‚.\n\nVÃ  Ä‘áº¿n lÃºc mÃ¬nh Ä‘ang viáº¿t nháº­n xÃ©t thÃ¬ mÃ¬nh cÅ©ng chÆ°a nháº­n Ä‘Æ°á»£c pháº£n há»“i nÃ o tá»« bÃªn cá»­a hÃ ng, sáº£n pháº©m chÆ°a Ä‘Æ°á»£c Ä‘á»•i tráº£. Trong khi Ä‘Ã³ mÃ¬nh Ä‘Ã£ thá»±c hiá»‡n thanh toÃ¡n nhÆ°ng viá»‡c Ä‘á»•i tráº£ láº¡i diá»…n ra cháº­m trá»….\n\nThiáº¿t nghÄ©, Cá»­a hÃ ng nÃªn thay Ä‘á»•i cÃ¡ch hoáº¡t Ä‘á»™ng cá»§a team CSKH, váº¥n Ä‘á» cá»§a KH thÃ¬ giáº£i quyáº¿t khÃ´ng nhiá»‡t tÃ¬nh, nháº¯n tin trÃªn *** thÃ¬ cháº­m trá»… khÃ´ng rep. VÃ¬ mÃ¬nh sá»£ bÃ¡c giao hÃ ng Ä‘áº¿n khÃ´ng kiáº¿m Ä‘Æ°á»£c nhÃ  nÃªn cá»‘ nháº¯n cá»­a hÃ ng giao sá»›m Ä‘á»ƒ mÃ¬nh chá»‰ Ä‘Æ°á»ng bÃ¡c vÃ o nhÆ°ng cá»­a hÃ ng lÃ m viá»‡c ráº¥t tá»‡.\n\nÄá»ƒ xÃ¢y dá»±ng má»™t doanh nghiá»‡p thÃ nh cÃ´ng, doanh nghiá»‡p khÃ´ng nÃªn chá»‰ quan tÃ¢m vÃ o sáº£n pháº©m mÃ  KH cÅ©ng nÃªn lÃ  má»¥c tiÃªu mÃ  DN nÃªn chÃº trá»ng hÆ°á»›ng Ä‘áº¿n. ChÃºc cá»­a hÃ ng kinh doanh thuáº­n lá»£i.\n\nUpdate:\nMÃ¬nh vá»«a chá»§ Ä‘á»™ng gá»i láº¡i há»i thÃ´ng tin, nhÃ¢n viá»‡n váº«n cá»© báº£o em khÃ´ng biáº¿t gÃ¬ háº¿t, ngÆ°á»i khÃ¡c há»— trá»£ chá»‹ chá»© khÃ´ng pháº£i em. Website Ä‘á»ƒ 1 *** thÃ¬ mÃ¬nh gá»i sá»‘ Ä‘Ã³ Ä‘á»ƒ Ä‘Æ°á»£c há»— trá»£, nhÃ¢n viÃªn váº«n nÃ³i em khÃ´ng biáº¿t, mÃ¬nh yÃªu cáº§u cung cáº¥p *** cá»§a ngÆ°á»i há»— trá»£ thÃ¬ nhÃ¢n viÃªn láº¡i tiáº¿p tá»¥c em khÃ´ng biáº¿t. Váº­y sá»‘ Ä‘iá»‡n thoáº¡i trÃªn website Ä‘á»ƒ lÃ m gÃ¬, Ä‘á»ƒ chá»‘t Ä‘Æ¡n thÃ¬ há»— trá»£ nhanh chÃ³ng, Ä‘áº¿n khi tiá»n trao chÃ¡o mÃºc, sáº£n pháº©m cÃ³ váº¥n Ä‘á» thÃ¬ ká»‡ KH.\n\nNhÃ¢n viÃªn cá»© báº£o em GIÃšP chá»‹, á»§a giÃºp cÃ¡i gÃ¬, trÃ¡ch nhiá»‡m lÃ  há»— trá»£ KH mÃ  cá»© má»Ÿ miá»‡ng Ä‘Ã³ng miá»‡ng lÃ  Ä‘á»ƒ em giÃºp chá»‹, mÃ¬nh khÃ´ng há»i tÃªn nhÃ¢n viÃªn Ä‘Æ°á»£c nÃªn bÃªn cá»­a hÃ ng xem láº¡i nghiá»‡p vá»¥ cá»§a team CSKH Ä‘i. Náº¿u KH khÃ´ng Ä‘Æ°á»£c há»— trá»£ khi liÃªn há»‡ sá»‘ Ä‘iá»‡n thoáº¡i trÃªn website thÃ¬ Ä‘á»ƒ luÃ´n nhiá»u sá»‘ cá»§a kho váº­n hay gÃ¬ Ä‘Ã³ luÃ´n.\n\nSáº£n pháº©m cÃ³ váº¥n Ä‘á» thÃ¬ NV khÃ´ng bao giá» chá»§ Ä‘á»™ng há»i thÄƒm hay há»— trá»£ KH. LÃºc nÃ o cÅ©ng lÃ  KH chá»§ Ä‘á»™ng nháº¯n tin há»i thÄƒm, náº¿u Ä‘Æ°á»£c cháº¥m Ä‘iá»ƒm dá»‹ch vá»¥ á»Ÿ Ä‘Ã¢y thÃ¬ mÃ¬nh Ä‘á»ƒ Ã¢m vÃ´ cá»±c, chÆ°a bao giá» gáº·p dá»‹ch vá»¥ háº­u mua hÃ ng tá»“i tá»‡ tháº¿ nÃ y. Máº¥t háº¿t cáº£ buá»•i sÃ¡ng ', 'tráº£i nghiá»‡m khÃ´ng tá»‘t tÃ­ nÃ o, giao hÃ ng khÃ´ng Ä‘Ãºng thá»i gian, bÃ n bá»‹ lá»—i chÃ¢n bÃ n khÃ´ng rÃ¡p Ä‘Æ°á»£c, pháº£i Ä‘á»•i hÃ ng, xong Ä‘á»•i láº¡i Ä‘á»£i lÃ¢u, tiki cÅ©ng há»— trá»£ nhÆ°ng thá»i gian nháº­n hÃ ng cÅ©ng trá»…, sau Ä‘Ã³ mÃ¬nh chuyá»ƒn chá»— á»Ÿ nÃªn pháº£i há»§y Ä‘Æ¡n luÃ´n ', 'BÃ n tráº§y xÆ°á»›c nhiá»u, máº·t bÃ n dÆ¡\nHÃ ng gÃ³i sÆ¡ sÃ i\nLáº¯p bÃ n vÃ o thÃ¬ khÃ´ng cÃ¢n, rung láº¯c\nRáº¥t tháº¥t vá»ng', 'BÃ n nháº­n Ä‘Æ°á»£c bá»‹ máº» á»Ÿ gÃ³c nhÆ° hÃ¬nh. Tiki giao hÃ ng cháº­m trá»… nhÆ°ng khÃ´ng thÃ´ng bÃ¡o cho khÃ¡ch hÃ ng, liÃªn há»‡ shop há»i vá» Ä‘Æ¡n hÃ ng thÃ¬ cáº£ tuáº§n sau má»›i tráº£ lá»i (há»i ngÃ y 15, ngÃ y 21 shop tráº£ lá»i). BÃ n thÃ¬ máº» do váº­n chuyá»ƒn, shop pháº£n há»“i thÃ¬ cháº­m trá»…. Sáº½ khÃ´ng bao giá» mua láº¡i á»Ÿ shop nÃ y vÃ  cÅ©ng khÃ´ng mua hÃ ng trÃªn sÃ n tiki ná»¯a. M VÃ¬ má»©c Ä‘Ã¡nh giÃ¡ tháº¥p nháº¥t lÃ  1 sao chá»© tháº­t ra mÃ¬nh cháº³ng muá»‘n cho sao nÃ o, quÃ¡ tá»‡. ', 'QuÃ¡ tá»‡ vá» máº·t cháº¥t lÆ°á»£ng dÃ¹ trÆ°á»›c Ä‘Ã³ Ä‘Ã£ xem review, chat vá»›i store Ä‘á»ƒ dáº·n dÃ² ká»¹ vÃ¬ mua Ä‘á»ƒ táº·ng. TÃ³m láº¡i lÃ  sáº½ khÃ´ng bao giá» mua nhá»¯ng máº·t hÃ ng kiá»ƒu nÃ y online.', 'váº­n chuyá»ƒn cháº­m hÆ¡n dá»± kiáº¿n, bÃ n nháº­n Ä‘Æ°á»£c 4 gÃ³c bÃ n tráº§y háº¿t trÆ¡n luÃ´n. tháº­t sá»± khÃ´ng hÃ i lÃ²ng vá»›i sáº£n pháº©m', 'Giao hÃ ng thiáº¿u phá»¥ kiá»‡n lÃ  PÃ¡t vÃ  á»c tá»« thá»© sÃ¡u. Report cho Tiki vÃ  chá»§ Ä‘á»™ng trá»±c tiáº¿p nháº¯n tin cho shop thÃ¬ shop nÃ³i cho sÄ‘t cÃ³ ngÆ°á»i gá»i nhÆ°ng váº«n khÃ´ng gá»i, cÃ²n Ä‘áº¿n táº­n sÃ¡ng thá»© 2 má»›i gá»i nhÆ°ng cÅ©ng khÃ´ng tháº¥y process.\nVáº¥n Ä‘á» háº­u mÃ£i khÃ¡ cháº­m. ', 'Máº·t bÃ n tráº¯ng nhÆ°ng láº¡i cÃ³ nguyÃªn vá»‡t Ä‘en giá»¯a bÃ n. ChÃ¢n bÃ n cÅ©ng khÃ´ng Ä‘á»u pháº£i chÃ¨n thÃªm Ä‘á»“. Mn nÃªn cÃ¢n nháº¯c kÄ© trÃ¡nh vá»«a tá»‘n tiá»n vá»«a chuá»‘c bá»±c vÃ o ngÆ°á»i. BÃ n náº·ng nÃªn viá»‡c gÃ³i tráº£ hÃ ng cÅ©ng ráº¥t khÃ³ khÄƒn vÃ  phiá»n. Ai cháº¥p nháº­n Ä‘Æ°á»£c viá»‡c bá» tiá»n mua hÃ ng lá»—i thÃ¬ háºµng mua. ', 'bÃ n trÃ´ng dÆ¡ , dÃ­nh keo , báº¿t dÆ¡ . bá»‹ lá»—i nhÃ¬u chá»— nhÆ° hÃ¬nh . chÃ¢n nÃ³ cá»© bá»‹ kh báº±ng sao Ã¡', 'Giao hÃ ng cháº­m hÆ¡n dá»± kiáº¿n 2 ngÃ y, nhÃ¢n viÃªn giao thÃ¡i Ä‘á»™. BÃ n thÃ¬ bá»‹ bong á»Ÿ pháº§n gÃ³c. Hy vá»ng bÃªn bÃ¡n láº«n giao nÃªn bá»c thÃªm 4 gÃ³c láº¡i rá»“i váº­n chuyá»ƒn sáº½ Ä‘á»¡ bá»‹ hÆ° háº¡i hÆ¡n.', 'ÄÃ³ng gÃ³i cá»±c kÃ¬ tá»‡, táº¥t cáº£ táº¥p má»™t Ä‘á»‘ng bá»c láº¡i báº±ng miáº¿ng bÃ¬a carton lÃ m tráº§y xÆ°á»›c máº·t bÃ n. 4 cÃ¡i miáº¿ng rÃ¡p chÃ¢n bÃ n vÃ  máº·t bÃ n thÃ¬ ko vÃ­t luÃ´n vÃ o máº·t bÃ n nÃªn khÃ¡ch pháº£i vÃ­t báº±ng tay ráº¥t cá»±c. Máº·t bÃ n náº·ng vÃ  cháº¥t liá»‡u bÃªn trong ko dc cháº¯c cháº¯n kiá»ƒu nhÆ° Ã©p má»¥n cÆ°a hay giáº¥y vá»¥n váº­y. ChÃ¢n bÃ n ko cháº¯c cháº¯n láº¯m. Dc má»—i dÃ¡ng bÃ n Ä‘áº¹p ', 'GÃ³c bÃ n hÆ¡i máº» tÃ­ nhÆ°ng cháº¥p nháº­n Ä‘c, mÃ  tháº¥y biáº¿t bao nhiÃªu khÃ¡ch gÃ³p Ã½ shop bá»‹t bá»‘n gÃ³c Ä‘á»ƒ trÃ¡nh bá»‹ bá»ƒ nhÆ°ng cháº£ tháº¥y cáº£i thiá»‡n\nBÃ n kiá»ƒu TRáº®NG XANH nha má»i ngÆ°á»i chá»© kh pháº£i tráº¯ng nhÆ° hÃ¬nh Ä‘Ã¢u, lÆ°u Ã½ nhen! ', 'gá»­i 4 cÃ¡i chÃ¢n láº¯p vÃ´ mÃ  1 chÃ¢n bÃ n bá»‹ lá»ng váº§y Ä‘Ã¢y, rá»›t cáº£ á»‘c ra ngoÃ i. rÃ¡ng gáº¯n vÃ o mÃ  bÃ n váº«n lá»ng láº»o vÃ  dá»… chá»‡ch chÃ¢n bÃ n qua 1 bÃªn', 'bÃ n giao máº» hai Ä‘áº§u, khÃ´ng há» cÃ³ á»‘c vÃ­t Ä‘á»ƒ láº¯p, Ä‘Ã£ liÃªn há»‡ tiki khÃ´ng biáº¿t quÃ¡ trÃ¬nh giáº£i quyáº¿t tháº¿ nÃ o, quÃ¡ tháº¥t vá»ng', 'Shop Ä‘Ã³ng gÃ³i hÃ ng tá»‡ , ko quáº¥n thÃªm xá»‘p . KhÃ´ng kiá»ƒm tra hÃ ng trc khi gá»­i. Máº·t bÃ n bá»‹ xÆ°á»›c 1 vá»‡t dÃ i , cáº¡nh bÃ n bá»‹ cáº¥n mÃ³p', 'DÃ¹ lá»—i thuá»™c vá» nhÃ  bÃ¡n hÃ ng hay nhÃ  váº­n chuyá»ƒn thÃ¬ tÃ´i lÃ  khÃ¡ch hÃ ng Ä‘Ã£ gÃ¡nh háº­u quáº£! TÃ´i Ä‘á» nghá»‹ giáº£i quyáº¿t cho tÃ´i', 'BÃ n bá»‹ máº» gÃ³c, gÃ³c bá»‹ bong trÃ³c,bÃ¡o TIKI nhÆ°ng chÆ°a tháº¥y giáº£i quyáº¿t', 'MÃ¬nh cÃ³ liÃªn há»‡ Tiki Ä‘á»ƒ bÃ¡o tráº£ láº¡i hÃ ng bá»‹ lá»—i.\nDo  sÃ¡ng thá»© 7 vá»«a rá»“i bÃªn Tiki Ä‘áº¿n láº¥y hÃ ng mÃ  mÃ¬nh khÃ´ng cÃ³ nhÃ . MÃ¬nh cÃ³ gá»i lÃªn tá»•ng Ä‘Ã i Tiki Ä‘á»ƒ bÃ¡o mÃ  chÆ°a tháº¥y báº¥t ká»³ há»“i Ã¢m nÃ o cÅ©ng nhÆ° khÃ´ng ai liÃªn há»‡ vá»›i mÃ¬nh tiáº¿p theo Ä‘á»ƒ láº¥y hÃ ng tráº£ vá».\nVui lÃ²ng liÃªn há»‡ vá»›i mÃ¬nh trÆ°á»›c 1 tiáº¿ng Ä‘á»“ng há»“ trÆ°á»›c khi Tiki Ä‘áº¿n láº¥y hÃ ng.\nXin cáº£m Æ¡n. ', 'Váº­n chuyá»ƒn ráº¥t lÃ¢u , hÆ¡n 1 thÃ¡ng .  Sáº£n pháº©m váº­n chuyá»ƒn bá»‹ cáº¥n má»‘p cáº¡nh bÃ n lá»“i gá»— bÃªn trong ra ngoÃ i', 'MÃ¬nh Ä‘áº·t 2 bÃ n mÃ  giao cÃ³ 1 bÃ n. Tiá»n thÃ¬ nháº­n cá»§a 2 bÃ n. Mong shop mau chÃ³ng liÃªn há»‡ giáº£i quyáº¿t dÃ¹m mÃ¬nh.', 'bÃ n bá»‹ tráº§y\nváº·n vÃ­t báº±ng tay má»‡t vÃ£i chÆ°á»Ÿng\nrÃ¡p xong tháº¥y lá»ng láº»o yáº¿u yáº¿u', 'MÃ¬nh nghÄ© shop nÃªn bá»c xá»‘p á»Ÿ cÃ¡c gÃ³c Ä‘á»ƒ bÃ n khÃ´ng bá»‹ ná»©t, tháº¥y nhiá»u ngÆ°á»i gáº·p trÆ°á»ng há»£p nhÆ° váº§y rá»“i mÃ  giá» váº«n chÆ°a cáº£i thiá»‡n Ä‘Æ°á»£c.', 'NÃ³i dá»‘i khÃ¡ch. TrÃªn trang web tiki thÃ¬ nÃ³i lÃ  táº·ng ká»‡ treo tÆ°á»ng, khi giao hÃ ng thÃ¬ ko cÃ³. Sáº½ ko á»§ng há»™ ná»¯a, cÅ©ng sáº½ khuyáº¿n cÃ¡o báº¡n bÃ¨ ko á»§ng há»™ shop nÃ y.', 'BÃ n lá»—i, hÆ¡i tháº¥t vá»ng vá» cháº¥t lÆ°á»£ng bÃ n. ThÃ´i thÃ¬ chá»‰ 400k nÃªn ko mong gÃ¬ hÆ¡n!', 'Nháº­n hÃ ng bá»‹ sá»©t á»Ÿ cáº¡nh bÃ n', 'Trá»i Æ¡u, mÃ¬nh Ä‘Ã³ng 2,3 láº§n r mÃ  cá»© bá»‹ rá»›t ra Ã , chÃ¢n lá»ng láº»o láº¯m luÃ´n', 'Táº¡i sao shop ko báº¯n á»‘c vá»›i miáº¿ng sáº¯t vÃ o máº·t bÃ n luÃ´n trÆ°á»›c khi giao, váº·n xong 2 cÃ¡i bÃ n phá»“ng háº¿t cáº£ tay, bÃ n dá»±ng lÃªn yáº¿u tháº¥y rÃµ.', 'BÃ n bá»‹ ná»©t 1 gÃ³c cáº£ phÃ­a mÃ© cáº¡nh vÃ  phÃ­a dÆ°á»›i', 'hey can u send one guy to install it, i have no tools, the hole on the table is really low, how can I fix it by hand ha?', 'BÃ n bá»‹ sá»©t cáº¡nh. Láº¯p xong thÃ¬ bÃ n cá»±c ká»³ rung láº¯c, khÃ´ng cháº¯c cháº¯n, NÃ³i chung lÃ  cháº¥t lÆ°á»£ng kÃ©m, khÃ´ng Ä‘Ã¡ng tiá»n.', 'BÃ n tráº§y hai gÃ³c, máº·t bÃ n dÆ¡, 1 chÃ¢n k láº¯p Ä‘Æ°á»£c', 'BÃ n bá»‹ bá»ƒ á»Ÿ gÃ³c, 4 chÃ¢n bÃ n bÃ¬nh thÆ°á»ng, mÃ¬nh muá»‘n Ä‘á»•i máº·t bÃ n khÃ¡c.', 'QuÃ¡ tá»‡, xá»­ lÃ½ Ä‘Ã³ng hÃ ng giao thiáº¿u mÃ  nt cÅ©ng ko giáº£i quyáº¿t. Chá»‰ tháº¥y phÃ­ tiá»n vÃ  bá»¥c mÃ¬nh', 'ChÃ¢n bÃ n bá»‹ hÆ° 1 cÃ¡i. bÃ n dá»… láº¯p, Ä‘áº¹p. Gá»­i cÃ¡i chÃ¢n cÃ²n láº¡i sá»›m lÃ  5 sao.', 'Giao hÃ ng khÃ´ng Ä‘á»§ sá»‘ lÆ°á»£ng (Ä‘Ã£ tráº£ Ä‘á»§ tiá»n), pháº£n há»“i chÆ°a Ä‘Æ°á»£c giáº£i quyáº¿t', 'Giao hÃ ng cháº­m hÆ¡n thá»i gian dá»± kiáº¿n cáº£ tuáº§n nhÆ°ng khÃ´ng thÃ´ng tin Ä‘áº¿n ngÆ°á»i nháº­n', 'trá»¥ gá»­i ra k báº±ng nhau lÃ  sao', 'Giao hÃ ng nhanh, nhÆ°ng sáº£n pháº©m bá»‹ lá»—i ngay máº·t chÃ­nh', 'BÃ n bá»‹ trÃ³c gÃ³c. ÄÆ°á»ng cong bá»‹ mÃ©o. Lá»— Ä‘inh nÃ´ng.\n\nÄÃ¢y lÃ  bÃ n thá»© 2 mÃ¬nh mua cÃ¹ng loáº¡i nÃªn cháº¥t lÆ°á»£ng tháº¿ nÃ y quÃ¡ tá»‡.', 'Sáº£n pháº©m chá»‰ cÃ³ máº·t bÃ n vÃ  chÃ¢n bÃ n, thiáº¿u phá»¥ kiá»‡n Ä‘á»ƒ láº¯p. Mong shop há»— trá»£', 'Sáº£n pháº©m ko tá»‘t, bÃ n yáº¿u khÃ´ng cháº¯c cháº¯n', 'Giao hÃ ng cÃ²n thiáº¿u Ä‘á»“ :))', 'Giao hÃ ng ráº¥t lÃ¢u vÃ  hÃ ng giao bá»‹ bá»ƒ vÃ  trÃ y', 'bÃ n nhá» quÃ¡ ngá»“i báº¥t tiá»‡n', 'chÃ¢n bÃ n ráº¥t yáº¿u, khÃ´ng Ä‘á»ƒ Ä‘Æ°á»£c nhiá»u tÃ i liá»‡u, khÃ´ng nÃªn mua!', 'Bá»‹ ná»©t 2 bÃªn cáº¡nh bÃ n rá»“i']"
